Participant,Session,Block,Task,Order,Trial,OnsetDelay,Ndots,Color,ColorIsTarget,ColorResponse,ColorRT,NumerosityResponse,NumerosityRT
MGM2000WRNO,2023-12-13-16-19-54,1,single,color,1,0.7741319065088956,86,1s,True,distractor,1.4846185093975919,,
MGM2000WRNO,2023-12-13-16-19-54,1,single,color,2,0.5995786636364984,71,1p,False,distractor,1.3679421690648041,,
MGM2000WRNO,2023-12-13-16-19-54,1,single,color,3,0.7675870110441302,3,s2,False,target,0.8007012745387101,,
MGM2000WRNO,2023-12-13-16-19-54,1,single,color,4,0.8204052275619902,25,2s,True,distractor,0.7339659886908976,,
MGM2000WRNO,2023-12-13-16-19-54,1,single,color,5,0.8287145241759826,42,2p,False,distractor,1.3511920293808544,,
MGM2000WRNO,2023-12-13-16-19-54,1,single,color,6,0.7371549502823169,67,p1,True,target,0.8510879441062116,,
MGM2000WRNO,2023-12-13-16-19-54,1,single,color,7,0.7615523467961991,2,p2,True,target,0.8008639077804673,,
MGM2000WRNO,2023-12-13-16-19-54,1,single,color,8,0.968188674567056,6,s1,False,distractor,1.9183071542001926,,
MGM2000WRNO,2023-12-13-16-19-54,1,single,color,9,0.5867688152386792,18,p1,True,target,0.9176761372219744,,
MGM2000WRNO,2023-12-13-16-19-54,2,single,random,1,0.9635952201154043,18,1p,False,target,0.9176761372219744,0.5061825646901557,12.544242024285154
MGM2000WRNO,2023-12-13-16-19-54,2,single,random,2,0.6173909201896646,86,p2,True,target,0.9176761372219744,0.24496920653107992,5.25479063319267
MGM2000WRNO,2023-12-13-16-19-54,2,single,random,3,0.8838026371149617,42,s1,False,target,0.9176761372219744,0.1785066361119068,3.5700302353266125
MGM2000WRNO,2023-12-13-16-19-54,2,single,random,4,0.9327747062741862,67,1s,True,target,0.9176761372219744,0.4706328177217607,4.737725346426828
MGM2000WRNO,2023-12-13-16-19-54,2,single,random,5,0.734631469423581,25,s2,False,target,0.9176761372219744,0.11513534803781153,4.154010788727874
MGM2000WRNO,2023-12-13-16-19-54,2,single,random,6,0.7130371489709328,6,2p,False,target,0.9176761372219744,0.0440358541010216,3.3533474619456456
MGM2000WRNO,2023-12-13-16-19-54,2,single,random,7,0.5896069587640502,3,2s,True,target,0.9176761372219744,0.0332163658932493,1.5184917609999502
MGM2000WRNO,2023-12-13-16-19-54,2,single,random,8,0.608592448984995,71,p1,True,target,0.9176761372219744,0.8106738756803209,2.3524302104618755
MGM2000WRNO,2023-12-13-16-19-54,2,single,random,9,0.9459433074903791,2,1s,True,target,0.9176761372219744,0.014668671822782375,3.0198206552889815
MGM2000WRNO,2023-12-13-16-19-54,3,single,ascending,1,0.9748721267044482,2,2s,True,target,0.9176761372219744,0.010031748305165688,2.93632113487638
MGM2000WRNO,2023-12-13-16-19-54,3,single,ascending,2,0.5057653309612259,3,s1,False,target,0.9176761372219744,0.02394251885801584,2.1022037888485556
MGM2000WRNO,2023-12-13-16-19-54,3,single,ascending,3,0.9493421188139344,6,p2,True,target,0.9176761372219744,0.04867277761863838,1.551783508411063
MGM2000WRNO,2023-12-13-16-19-54,3,single,ascending,4,0.5406463508428354,18,2p,False,target,0.9176761372219744,0.17696099493936793,4.2874979851548005
MGM2000WRNO,2023-12-13-16-19-54,3,single,ascending,5,0.8156556432618927,25,1p,False,target,0.9176761372219744,0.23414971832330753,1.8020019790658353
MGM2000WRNO,2023-12-13-16-19-54,3,single,ascending,6,0.8892868026192957,42,s2,False,target,0.9176761372219744,0.3686205003341927,1.969211720291014
MGM2000WRNO,2023-12-13-16-19-54,3,single,ascending,7,0.6797504024963701,67,p1,True,target,0.9176761372219744,0.8524061873388714,2.802833577042179
MGM2000WRNO,2023-12-13-16-19-54,3,single,ascending,8,0.7978902607038516,71,1s,True,target,0.9176761372219744,0.8941384989974219,1.7018715833465876
MGM2000WRNO,2023-12-13-16-19-54,3,single,ascending,9,0.5790881223291556,86,1p,False,target,0.9176761372219744,0.9265969636207391,2.0021597694510547
MGM2000WRNO,2023-12-13-16-19-54,4,dual,random,1,0.876692055408641,6,s2,False,target,4.9708810601663345,0.3717117826792705,4.003823688218404
MGM2000WRNO,2023-12-13-16-19-54,4,dual,random,2,0.7157199678976038,71,p2,True,target,7.155955159485416,0.8106738756803209,6.155458947394322
MGM2000WRNO,2023-12-13-16-19-54,4,dual,random,3,0.765980558329058,3,2s,True,distractor,3.2862995588662898,0.07958560106941662,1.8349370175666309
MGM2000WRNO,2023-12-13-16-19-54,4,dual,random,4,0.7400372294564318,18,2p,False,distractor,3.586445711939632,0.17386971259429007,2.335602729636321
MGM2000WRNO,2023-12-13-16-19-54,4,dual,random,5,0.8306899133356714,25,s1,False,distractor,2.0850427291737788,0.24806048887615773,1.7851607647666015
MGM2000WRNO,2023-12-13-16-19-54,4,dual,random,6,0.8198247231532563,67,2p,False,target,2.6523009712457224,0.2959753652248639,2.2855539758044188
MGM2000WRNO,2023-12-13-16-19-54,4,dual,random,7,0.7779365023844206,2,2s,True,distractor,3.1026262738701007,0.051764059963716136,1.2347328947777214
MGM2000WRNO,2023-12-13-16-19-54,4,dual,random,8,0.5126194525604338,42,s1,False,target,3.1193373815758605,0.17077843024921227,3.8201370311554683
MGM2000WRNO,2023-12-13-16-19-54,4,dual,random,9,0.8012823052252818,86,1s,True,target,5.03767778523877,0.8616800343741048,2.952934301230016
MGM2000WRNO,2023-12-13-16-19-54,5,single,random,1,0.824576965853955,71,p1,True,target,5.03767778523877,0.637562064355963,2.0690002247953316
MGM2000WRNO,2023-12-13-16-19-54,5,single,random,2,0.5180065929253754,25,1p,False,target,5.03767778523877,0.24187792418600207,1.568446548958832
MGM2000WRNO,2023-12-13-16-19-54,5,single,random,3,0.5157860760434074,86,p2,True,target,5.03767778523877,0.9018667048601167,1.2679292306869456
MGM2000WRNO,2023-12-13-16-19-54,5,single,random,4,0.6956109834908855,18,s2,False,target,5.03767778523877,0.12750047741812276,2.2521089917389645
MGM2000WRNO,2023-12-13-16-19-54,5,single,random,5,0.8853900314070915,42,s1,False,target,5.03767778523877,0.8987754225150386,2.8851715347011577
MGM2000WRNO,2023-12-13-16-19-54,5,single,random,6,0.7016933552105257,2,s2,False,target,5.03767778523877,0.020851236512937986,1.7018484532856064
MGM2000WRNO,2023-12-13-16-19-54,5,single,random,7,0.705514213688126,3,p2,True,target,5.03767778523877,0.03167072472071038,1.65169778262225
MGM2000WRNO,2023-12-13-16-19-54,5,single,random,8,0.9013102650795952,6,2s,True,target,5.03767778523877,0.054855342308793985,1.4696826338779374
MGM2000WRNO,2023-12-13-16-19-54,5,single,random,9,0.9573608852110504,67,p1,True,target,5.03767778523877,0.9575097870715172,4.571026273580856
MGM2000WRNO,2023-12-13-16-19-54,6,dual,ascending,1,0.7912578433217798,2,1s,True,target,2.2187626718401816,0.08576816575957222,2.1686438050106744
MGM2000WRNO,2023-12-13-16-19-54,6,dual,ascending,2,0.5260788999850847,3,1p,False,target,2.9878541880950706,0.0440358541010216,1.6183196588895044
MGM2000WRNO,2023-12-13-16-19-54,6,dual,ascending,3,0.7730791528467913,6,2p,False,target,2.718969035353666,0.06567483051656638,1.0512529626355445
MGM2000WRNO,2023-12-13-16-19-54,6,dual,ascending,4,0.7071586520102662,18,p1,True,distractor,2.1705607088207444,0.13986560679843402,1.451586252358993
MGM2000WRNO,2023-12-13-16-19-54,6,dual,ascending,5,0.6533266537212938,25,1p,False,distractor,4.253639189840669,0.18778048314714027,1.0346079924479454
MGM2000WRNO,2023-12-13-16-19-54,6,dual,ascending,6,0.7381869559007646,42,2p,False,target,2.352001581517925,0.4196266590279767,2.0521387716926256
MGM2000WRNO,2023-12-13-16-19-54,6,dual,ascending,7,0.8078860993708099,67,s2,False,target,2.1519865469781507,0.7859436169196983,2.6021662024993475
MGM2000WRNO,2023-12-13-16-19-54,6,dual,ascending,8,0.6171674083844405,71,1s,True,target,1.8015643149419702,0.8168564403704763,1.985364815273897
MGM2000WRNO,2023-12-13-16-19-54,6,dual,ascending,9,0.7033118412289221,86,p2,True,distractor,3.386104688102023,0.7905805404373151,1.2181851431282666
MGM2000WRNO,2023-12-13-16-19-54,7,single,descending,1,0.5206672605351672,86,2s,True,distractor,3.386104688102023,0.841586699131099,2.0520975712711333
MGM2000WRNO,2023-12-13-16-19-54,7,single,descending,2,0.8316272530394342,71,s1,False,distractor,3.386104688102023,0.8647713167191826,1.3016879162055375
MGM2000WRNO,2023-12-13-16-19-54,7,single,descending,3,0.8660530424679933,67,p1,True,distractor,3.386104688102023,0.7658502816766924,2.1022486033418772
MGM2000WRNO,2023-12-13-16-19-54,7,single,descending,4,0.9083867098752316,42,s1,False,distractor,3.386104688102023,0.6669292466342023,1.918670729847463
MGM2000WRNO,2023-12-13-16-19-54,7,single,descending,5,0.8746483893882724,25,p2,True,distractor,3.386104688102023,0.6329251408383463,1.9854331212354737
MGM2000WRNO,2023-12-13-16-19-54,7,single,descending,6,0.7258683068569028,18,2p,False,distractor,3.386104688102023,0.3701661415067316,1.7519593691563387
MGM2000WRNO,2023-12-13-16-19-54,7,single,descending,7,0.7137170327105851,6,s2,False,distractor,3.386104688102023,0.24651484770361884,2.5859205872723123
MGM2000WRNO,2023-12-13-16-19-54,7,single,descending,8,0.7902767928040393,3,2s,True,distractor,3.386104688102023,0.05949226582641067,2.469281471881459
MGM2000WRNO,2023-12-13-16-19-54,7,single,descending,9,0.7995253415652519,2,1p,False,distractor,3.386104688102023,0.034762007065788136,1.5682839157170747
MGM2000WRNO,2023-12-13-16-19-54,8,dual,descending,1,0.7379346720005755,86,1s,True,target,2.752367397889884,0.8184020815430154,2.402363313988417
MGM2000WRNO,2023-12-13-16-19-54,8,dual,descending,2,0.7725333239978436,71,1p,False,distractor,2.235305363788939,0.7040246347751361,2.5190953110306964
MGM2000WRNO,2023-12-13-16-19-54,8,dual,descending,3,0.8160177479689725,67,p2,True,distractor,3.352881246652487,0.7782154110570038,0.517496084152981
MGM2000WRNO,2023-12-13-16-19-54,8,dual,descending,4,0.6618035438571543,42,p1,True,target,1.468021606368211,0.2897928005347083,1.2681117413249012
MGM2000WRNO,2023-12-13-16-19-54,8,dual,descending,5,0.6693302399009955,25,s1,False,distractor,1.887175176240362,0.3624379356440371,1.1014524232714393
MGM2000WRNO,2023-12-13-16-19-54,8,dual,descending,6,0.7920057888507299,18,2p,False,distractor,1.6680771185147023,0.1815979184569846,1.2014949970400721
MGM2000WRNO,2023-12-13-16-19-54,8,dual,descending,7,0.9353955361322215,6,1s,True,distractor,4.503850793758602,0.12595483624558387,1.5016230797532444
MGM2000WRNO,2023-12-13-16-19-54,8,dual,descending,8,0.7013958131318597,3,s2,False,target,1.7014910215607415,0.06876611286164422,2.035395498745629
MGM2000WRNO,2023-12-13-16-19-54,8,dual,descending,9,0.7010089012601373,2,2s,True,target,1.8014837211351278,0.036307648238327064,1.6850921696791374
MGM2000WRNO,2023-12-13-16-19-54,9,single,ascending,1,0.8194018792137717,2,s1,False,target,1.8014837211351278,0.02394251885801584,1.6518998092492438
MGM2000WRNO,2023-12-13-16-19-54,9,single,ascending,2,0.6553803771601658,3,1s,True,target,1.8014837211351278,0.040944571755943834,1.3015498586537433
MGM2000WRNO,2023-12-13-16-19-54,9,single,ascending,3,0.795993559547403,6,p2,True,target,1.8014837211351278,0.06876611286164422,1.2014389789235338
MGM2000WRNO,2023-12-13-16-19-54,9,single,ascending,4,0.8792968884168573,18,s2,False,target,1.8014837211351278,0.20323689487252938,1.7352901846863915
MGM2000WRNO,2023-12-13-16-19-54,9,single,ascending,5,0.8283523363006929,25,p1,True,target,1.8014837211351278,0.33770767688341446,1.7518292625629783
MGM2000WRNO,2023-12-13-16-19-54,9,single,ascending,6,0.5358475620369716,42,2p,False,target,1.8014837211351278,0.6267425761481906,2.902897473835992
MGM2000WRNO,2023-12-13-16-19-54,9,single,ascending,7,0.7332161212705683,67,2s,True,target,1.8014837211351278,0.8724995225818774,1.7185696803933297
MGM2000WRNO,2023-12-13-16-19-54,9,single,ascending,8,0.9135156562691493,71,1p,False,target,1.8014837211351278,0.9065036283777331,1.2683387050490182
MGM2000WRNO,2023-12-13-16-19-54,9,single,ascending,9,0.6931630470700629,86,2s,True,target,1.8014837211351278,0.9374164518285115,1.3681297394036847
MGM2000WRNO,2023-12-13-16-19-54,10,single,descending,1,0.976604976246402,86,s2,False,target,1.8014837211351278,0.9621467105891341,2.302487710348032
MGM2000WRNO,2023-12-13-16-19-54,10,single,descending,2,0.8247202697391933,71,s1,False,target,1.8014837211351278,0.9219600401031223,1.351549099698559
MGM2000WRNO,2023-12-13-16-19-54,10,single,descending,3,0.5514408277963049,67,2p,False,target,1.8014837211351278,0.979148763487062,3.0864207748425088
MGM2000WRNO,2023-12-13-16-19-54,10,single,descending,4,0.9940177847775218,42,1p,False,target,1.8014837211351278,0.7333918170533753,1.6185336119542626
MGM2000WRNO,2023-12-13-16-19-54,10,single,descending,5,0.649641056640367,25,p2,True,target,1.8014837211351278,0.39953332378497086,2.685992073617399
MGM2000WRNO,2023-12-13-16-19-54,10,single,descending,6,0.7559434801771003,18,1s,True,target,1.8014837211351278,0.35316408860880355,2.3524338245338186
MGM2000WRNO,2023-12-13-16-19-54,10,single,descending,7,0.8188427643081597,6,p1,True,target,1.8014837211351278,0.2125107419077628,1.9352914857520318
MGM2000WRNO,2023-12-13-16-19-54,10,single,descending,8,0.87901605308837,3,p1,True,target,1.8014837211351278,0.057946624653871834,2.3691727605946653
MGM2000WRNO,2023-12-13-16-19-54,10,single,descending,9,0.7218031583082115,2,1p,False,target,1.8014837211351278,0.03167072472071038,1.9187556605402278
MGM2000WRNO,2023-12-13-16-19-54,11,dual,ascending,1,0.9668610520743319,2,2p,False,distractor,1.3679595166106537,0.04558149527356052,1.134627436155597
MGM2000WRNO,2023-12-13-16-19-54,11,dual,ascending,2,0.8068307328246065,3,1s,True,target,1.751563628268059,0.06567483051656638,0.8010041337756775
MGM2000WRNO,2023-12-13-16-19-54,11,dual,ascending,3,0.9628180619665585,6,p2,True,distractor,3.0526794368697665,0.10122457748496134,1.3347783598039769
MGM2000WRNO,2023-12-13-16-19-54,11,dual,ascending,4,0.8335540105474686,18,s1,False,target,1.6682842048428483,0.16459586555905664,1.918525082744054
MGM2000WRNO,2023-12-13-16-19-54,11,dual,ascending,5,0.7215987197772415,25,s2,False,target,1.4680306415482391,0.2619712594290079,2.0019801500707217
MGM2000WRNO,2023-12-13-16-19-54,11,dual,ascending,6,0.998268800460085,42,2s,True,target,1.4179638173563944,0.29442972405232504,1.4015440038567704
MGM2000WRNO,2023-12-13-16-19-54,11,dual,ascending,7,0.9941012975505795,67,2p,False,distractor,2.17053830157397,0.35316408860880355,0.8181102595553966
MGM2000WRNO,2023-12-13-16-19-54,11,dual,ascending,8,0.8532004568051306,71,1s,True,target,2.0535923514671595,0.7859436169196983,2.052377661854507
MGM2000WRNO,2023-12-13-16-19-54,11,dual,ascending,9,0.8830330495694925,86,s2,False,target,1.603533405952021,0.8261302874057099,1.2681811315080722
MGM2000WRNO,2023-12-13-16-19-54,12,single,random,1,0.6659707162228494,42,1p,False,target,1.603533405952021,0.5587343645564785,1.9187206040417095
MGM2000WRNO,2023-12-13-16-19-54,12,single,random,2,0.702549692430749,25,2s,True,target,1.603533405952021,0.501545641172539,1.568496061745691
MGM2000WRNO,2023-12-13-16-19-54,12,single,random,3,0.6792725938793716,2,p1,True,target,1.603533405952021,0.028579442375632525,1.685020611052778
MGM2000WRNO,2023-12-13-16-19-54,12,single,random,4,0.7166616663560978,18,p2,True,target,1.603533405952021,0.18005227728444573,1.2681731805496383
MGM2000WRNO,2023-12-13-16-19-54,12,single,random,5,0.679620725046983,71,s1,False,target,1.603533405952021,0.8709538814093383,2.085574359170778
MGM2000WRNO,2023-12-13-16-19-54,12,single,random,6,0.9431605568617012,67,1s,True,target,1.603533405952021,0.8972297813424998,1.0347590606593258
MGM2000WRNO,2023-12-13-16-19-54,12,single,random,7,0.7642865984724558,86,p1,True,target,1.603533405952021,0.9173231165855057,1.451966452737679
MGM2000WRNO,2023-12-13-16-19-54,12,single,random,8,0.9271308586492413,3,2s,True,target,1.603533405952021,0.06258354817148852,1.8688044866535165
MGM2000WRNO,2023-12-13-16-19-54,12,single,random,9,0.5688659734220213,6,s2,False,target,1.603533405952021,0.12440919507304496,1.6182752058032293
MGM2000WRNO,2023-12-13-16-19-54,13,dual,descending,1,0.6671240967025074,86,p2,True,target,3.688308332387578,0.8122195168528596,4.003848625315413
MGM2000WRNO,2023-12-13-16-19-54,13,dual,descending,2,0.56561749179876,71,1p,False,target,1.9517478013792697,0.8462236226487156,1.117917774078478
MGM2000WRNO,2023-12-13-16-19-54,13,dual,descending,3,0.522822701692399,67,s1,False,target,2.251951418197905,0.8833190107896496,1.4349109239665268
MGM2000WRNO,2023-12-13-16-19-54,13,dual,descending,4,0.9619890366193449,42,2p,False,target,2.485570455973175,0.16923278907667338,1.0677165064066685
MGM2000WRNO,2023-12-13-16-19-54,13,dual,descending,5,0.6864379164652903,25,1p,False,distractor,6.171870087120851,0.20787381839014607,1.1347105598126745
MGM2000WRNO,2023-12-13-16-19-54,13,dual,descending,6,0.5004026223932309,18,2p,False,distractor,1.3679624078681627,0.2635169006015468,1.3015447989528184
MGM2000WRNO,2023-12-13-16-19-54,13,dual,descending,7,0.6862038098689278,6,p1,True,target,1.334648614617663,0.10122457748496134,0.8008321039465045
MGM2000WRNO,2023-12-13-16-19-54,13,dual,descending,8,0.8067429993817055,3,1s,True,target,2.2686802348569017,0.07649431872433876,1.0346506384980785
MGM2000WRNO,2023-12-13-16-19-54,13,dual,descending,9,0.7267065519101071,2,p2,True,target,2.0685361779453615,0.03939893058340491,0.8842094687242934
MGM2000WRNO,2023-12-13-16-19-54,14,dual,random,1,0.5267312776051294,86,s1,False,distractor,5.271236468010784,0.515456411725389,2.5356416170513967
MGM2000WRNO,2023-12-13-16-19-54,14,dual,random,2,0.5687813023514576,6,2s,True,target,1.6014292932104581,0.2928840828797861,1.35159752826371
MGM2000WRNO,2023-12-13-16-19-54,14,dual,random,3,0.9862791055880915,2,s2,False,distractor,3.0359791713799495,0.0734030363792609,1.6016891449901323
MGM2000WRNO,2023-12-13-16-19-54,14,dual,random,4,0.5154559678909392,42,1s,True,target,2.035090109658313,0.18932612431967916,1.2347516879522118
MGM2000WRNO,2023-12-13-16-19-54,14,dual,random,5,0.9691873288646715,67,2s,True,target,1.8350870015563032,0.705570275947675,1.70191314517524
MGM2000WRNO,2023-12-13-16-19-54,14,dual,random,6,0.7553713502762096,71,1p,False,distractor,1.4680353398421175,0.6251969349756517,1.2184294543981196
MGM2000WRNO,2023-12-13-16-19-54,14,dual,random,7,0.9521597809618256,3,2p,False,distractor,1.8017533309093778,0.09658765396734462,1.0677277100298852
MGM2000WRNO,2023-12-13-16-19-54,14,dual,random,8,0.8373024320912159,25,s2,False,distractor,2.6522843465145343,0.34543588274610904,1.2347520493594857
MGM2000WRNO,2023-12-13-16-19-54,14,dual,random,9,0.930035968493619,18,s1,False,distractor,3.6699040319310825,0.29442972405232504,1.201266226279813
MGM2000WRNO,2023-12-13-16-19-54,15,single,random,1,0.7389258403231553,6,p2,True,distractor,3.6699040319310825,0.3701661415067316,4.403998320179426
MGM2000WRNO,2023-12-13-16-19-54,15,single,random,2,0.5527923553317138,25,p1,True,distractor,3.6699040319310825,0.448993841306216,4.220814741944423
MGM2000WRNO,2023-12-13-16-19-54,15,single,random,3,0.9198903856165754,3,p1,True,distractor,3.6699040319310825,0.07958560106941662,2.535962908055808
MGM2000WRNO,2023-12-13-16-19-54,15,single,random,4,0.8717866281202169,67,1s,True,distractor,3.6699040319310825,0.8539518285114103,1.7020540939845432
MGM2000WRNO,2023-12-13-16-19-54,15,single,random,5,0.67188945227451,42,1p,False,distractor,3.6699040319310825,0.807582593335243,1.7187008712082843
MGM2000WRNO,2023-12-13-16-19-54,15,single,random,6,0.6928621646251506,71,s2,False,distractor,3.6699040319310825,0.9250513224482002,1.2349276932607154
MGM2000WRNO,2023-12-13-16-19-54,15,single,random,7,0.6838038172662039,86,s1,False,distractor,3.6699040319310825,0.9497815812088227,1.5852158432244323
MGM2000WRNO,2023-12-13-16-19-54,15,single,random,8,0.9907990885442756,2,2p,False,distractor,3.6699040319310825,0.02394251885801584,1.3682988779751213
MGM2000WRNO,2023-12-13-16-19-54,15,single,random,9,0.7856410168516192,18,p2,True,distractor,3.6699040319310825,0.3052492122600974,2.0355429528847253
MGM2000WRNO,2023-12-13-16-19-54,16,single,descending,1,0.9625335318472844,86,2s,True,distractor,3.6699040319310825,0.8369497756134823,1.7018188178947184
MGM2000WRNO,2023-12-13-16-19-54,16,single,descending,2,0.9143492622794513,71,p1,True,distractor,3.6699040319310825,0.8694082402367993,1.1347127282558631
MGM2000WRNO,2023-12-13-16-19-54,16,single,descending,3,0.656018844641031,67,1s,True,distractor,3.6699040319310825,0.7473025876062256,1.0847105959530836
MGM2000WRNO,2023-12-13-16-19-54,16,single,descending,4,0.7156196919936257,42,s1,False,distractor,3.6699040319310825,0.6530184760813521,2.2025759659873074
MGM2000WRNO,2023-12-13-16-19-54,16,single,descending,5,0.6981142072922618,25,p2,True,distractor,3.6699040319310825,0.5618256469015563,1.401535330084016
MGM2000WRNO,2023-12-13-16-19-54,16,single,descending,6,0.5424391607550293,18,2p,False,distractor,3.6699040319310825,0.43353742958082686,1.0679496140530773
MGM2000WRNO,2023-12-13-16-19-54,16,single,descending,7,0.6622096829240689,6,2s,True,distractor,3.6699040319310825,0.2573343359113912,1.1181295587000477
MGM2000WRNO,2023-12-13-16-19-54,16,single,descending,8,0.8103617763593369,3,s2,False,distractor,3.6699040319310825,0.06567483051656638,2.2357014660844925
MGM2000WRNO,2023-12-13-16-19-54,16,single,descending,9,0.8953266975219678,2,1p,False,distractor,3.6699040319310825,0.036307648238327064,1.4682052012278746
MGM2000WRNO,2023-12-13-16-19-54,17,dual,ascending,1,0.9367913450920174,2,1s,True,target,1.3848115731261714,0.025488160030554763,1.0009783293012333
MGM2000WRNO,2023-12-13-16-19-54,17,dual,ascending,2,0.9848387923212183,3,1p,False,distractor,2.0203656573528406,0.054855342308793985,0.5841269233187631
MGM2000WRNO,2023-12-13-16-19-54,17,dual,ascending,3,0.8676823114616186,6,2p,False,distractor,1.6014083315924381,0.09504201279480569,0.8345633225176243
MGM2000WRNO,2023-12-13-16-19-54,17,dual,ascending,4,0.794171054513745,18,s1,False,target,1.6849396558391163,0.2016912536999904,0.9177036041694464
MGM2000WRNO,2023-12-13-16-19-54,17,dual,ascending,5,0.5544542986692111,25,2s,True,target,2.3020955835315817,0.26969946529170247,1.1011517324777742
MGM2000WRNO,2023-12-13-16-19-54,17,dual,ascending,6,0.6159619669200463,42,s2,False,target,2.1351670171111437,0.5046369235176167,1.4682471244636872
MGM2000WRNO,2023-12-13-16-19-54,17,dual,ascending,7,0.5440581639402406,67,p2,True,target,2.0684989530034272,0.6267425761481906,2.352352869320157
MGM2000WRNO,2023-12-13-16-19-54,17,dual,ascending,8,0.9161920324811306,71,p1,True,target,1.219566802869167,0.7071159171202138,0.6010472857958575
MGM2000WRNO,2023-12-13-16-19-54,17,dual,ascending,9,0.6519203064753499,86,2p,False,distractor,2.0352198548443994,0.7658502816766924,1.0012540829977752
MGM2000WRNO,2023-12-13-16-19-54,18,dual,descending,1,0.9531980499081,86,s1,False,distractor,2.0184563430939306,0.7998543874725484,0.9845863441564688
MGM2000WRNO,2023-12-13-16-19-54,18,dual,descending,2,0.7616358947113422,71,1p,False,distractor,2.9358288982646172,0.705570275947675,0.6180832985780853
MGM2000WRNO,2023-12-13-16-19-54,18,dual,descending,3,0.8422733877197657,67,1s,True,target,2.302005593137892,0.7874892580922372,1.6181046216031518
MGM2000WRNO,2023-12-13-16-19-54,18,dual,descending,4,0.6122183647512465,42,s2,False,distractor,3.4696569739662664,0.6221056526305738,1.3515794579036537
MGM2000WRNO,2023-12-13-16-19-54,18,dual,descending,5,0.7035311371319475,25,p2,True,target,1.152915002085365,0.3717117826792705,0.6511372400489108
MGM2000WRNO,2023-12-13-16-19-54,18,dual,descending,6,0.808607245838113,18,2s,True,distractor,2.6357427387872576,0.3052492122600974,0.7676242030067897
MGM2000WRNO,2023-12-13-16-19-54,18,dual,descending,7,0.9624770833722729,6,p1,True,target,0.9842686672241143,0.19241740666475698,1.6184201300923178
MGM2000WRNO,2023-12-13-16-19-54,18,dual,descending,8,0.8828757962163529,3,2s,True,target,2.1351525608229167,0.1522307361787453,1.0846202441523474
MGM2000WRNO,2023-12-13-16-19-54,18,dual,descending,9,0.7993805346861786,2,1s,True,target,1.4347229922202587,0.04249021292848276,2.051849284522177
MGM2000WRNO,2023-12-13-16-19-54,19,single,ascending,1,0.8072331624096007,2,s2,False,target,1.4347229922202587,0.03939893058340491,1.6855367005400694
MGM2000WRNO,2023-12-13-16-19-54,19,single,ascending,2,0.8140335630667499,3,1p,False,target,1.4347229922202587,0.0734030363792609,1.5851157334291202
MGM2000WRNO,2023-12-13-16-19-54,19,single,ascending,3,0.8175439708361694,6,2p,False,target,1.4347229922202587,0.15068509500620642,1.6353621770012978
MGM2000WRNO,2023-12-13-16-19-54,19,single,ascending,4,0.5644014698446514,18,s1,False,target,1.4347229922202587,0.3006122887424807,1.5352353953542206
MGM2000WRNO,2023-12-13-16-19-54,19,single,ascending,5,0.5668363537445418,25,p2,True,target,1.4347229922202587,0.5030912823450778,1.802024386312496
MGM2000WRNO,2023-12-13-16-19-54,19,single,ascending,6,0.872859409163947,42,p1,True,target,1.4347229922202587,0.5927384703523346,1.0016577748447162
MGM2000WRNO,2023-12-13-16-19-54,19,single,ascending,7,0.6300731673005011,67,s2,False,target,1.4347229922202587,0.8740451637544162,1.7185888349749803
MGM2000WRNO,2023-12-13-16-19-54,19,single,ascending,8,0.6684195651510473,71,2p,False,target,1.4347229922202587,0.9080492695502722,0.9346196297601637
MGM2000WRNO,2023-12-13-16-19-54,19,single,ascending,9,0.7736453535219284,86,p1,True,target,1.4347229922202587,0.9420533753461282,0.934621436795851
MGM2000WRNO,2023-12-13-16-19-54,20,dual,random,1,0.5065219761501539,6,1s,True,target,2.1519955821584063,0.13522868328081733,1.935297629674551
MGM2000WRNO,2023-12-13-16-19-54,20,dual,random,2,0.9437522363453864,42,2s,True,target,1.234518218898529,0.36552921798911486,2.55260354135703
MGM2000WRNO,2023-12-13-16-19-54,20,dual,random,3,0.7452726867244209,25,s1,False,distractor,1.3178363128947694,0.4149897355103599,2.1689267868514435
MGM2000WRNO,2023-12-13-16-19-54,20,dual,random,4,0.6311264313906311,2,p2,True,target,1.4680064272656637,0.028579442375632525,0.8343949067607355
MGM2000WRNO,2023-12-13-16-19-54,20,dual,random,5,0.5590571804452591,71,1p,False,distractor,2.7524042614245445,0.773578487539387,1.2680969236296278
MGM2000WRNO,2023-12-13-16-19-54,20,dual,random,6,0.5973559034444926,67,1p,False,distractor,1.3345492276366713,0.7132984818103696,0.7676473330679983
MGM2000WRNO,2023-12-13-16-19-54,20,dual,random,7,0.9394924047168349,86,s2,False,distractor,2.0184483921354968,0.7859436169196983,1.2682306442950448
MGM2000WRNO,2023-12-13-16-19-54,20,dual,random,8,0.7283551401045236,18,2p,False,distractor,1.3344476722122636,0.5231846175880837,1.50194545497925
MGM2000WRNO,2023-12-13-16-19-54,20,dual,random,9,0.5178181758330147,3,p1,True,target,1.284710089983264,0.13368304210827842,2.1516294766606734
MGM2000WRNO,2023-12-13-16-19-54,21,dual,descending,1,0.5351306346840377,86,1s,True,target,2.2686885472226095,0.7086615582927529,2.4358628705417686
MGM2000WRNO,2023-12-13-16-19-54,21,dual,descending,2,0.9717523882929584,71,p2,True,target,1.7515433894645867,0.8323128520958656,1.8019119886719182
MGM2000WRNO,2023-12-13-16-19-54,21,dual,descending,3,0.5157524396504616,67,2s,True,target,1.3696317477433695,0.7009333524300583,1.985577322709787
MGM2000WRNO,2023-12-13-16-19-54,21,dual,descending,4,0.7839586998049628,42,s1,False,distractor,3.0526165520161612,0.5803733409720233,2.585952391106275
MGM2000WRNO,2023-12-13-16-19-54,21,dual,descending,5,0.9236611546616066,25,p1,True,target,1.5847640842193869,0.3330707533657978,1.1012962953593615
MGM2000WRNO,2023-12-13-16-19-54,21,dual,descending,6,0.9502316072970987,18,s2,False,target,1.6683684127212928,0.3748030650243483,0.7674908437484191
MGM2000WRNO,2023-12-13-16-19-54,21,dual,descending,7,0.8219463304053419,6,2s,True,target,3.469658419595362,0.1553220185238231,1.3015664833849314
MGM2000WRNO,2023-12-13-16-19-54,21,dual,descending,8,0.6775201482249162,3,2p,False,distractor,1.601487479770185,0.0842225245870333,1.0176077589790111
MGM2000WRNO,2023-12-13-16-19-54,21,dual,descending,9,0.9979996551634175,2,1s,True,target,2.285359177321425,0.04867277761863838,0.6509073850672848
MGM2000WRNO,2023-12-13-16-19-54,22,single,ascending,1,0.7819002861549649,2,1p,False,target,2.285359177321425,0.028579442375632525,1.9522519644287968
MGM2000WRNO,2023-12-13-16-19-54,22,single,ascending,2,0.6384390889335338,3,s1,False,target,2.285359177321425,0.037853289410865985,1.1347933220622508
MGM2000WRNO,2023-12-13-16-19-54,22,single,ascending,3,0.8843325865208758,6,p2,True,target,2.285359177321425,0.09967893631242238,1.5517950734415535
MGM2000WRNO,2023-12-13-16-19-54,22,single,ascending,4,0.7459058986260274,18,p1,True,target,2.285359177321425,0.19396304783729587,1.9519892213916137
MGM2000WRNO,2023-12-13-16-19-54,22,single,ascending,5,0.7721664174782044,25,1s,True,target,2.285359177321425,0.3516184474362647,1.8520951859836714
MGM2000WRNO,2023-12-13-16-19-54,22,single,ascending,6,0.7961466276766915,42,p2,True,target,2.285359177321425,0.4814523059295331,2.4695944505201624
MGM2000WRNO,2023-12-13-16-19-54,22,single,ascending,7,0.9721201654769374,67,2p,False,target,2.285359177321425,0.7612133581590756,2.636079208894216
MGM2000WRNO,2023-12-13-16-19-54,22,single,ascending,8,0.6559679419200439,71,s2,False,target,2.285359177321425,0.8292215697507878,2.3024754225029938
MGM2000WRNO,2023-12-13-16-19-54,22,single,ascending,9,0.8219660110956274,86,1p,False,target,2.285359177321425,0.8879559343072664,1.1180359542343012
MGM2000WRNO,2023-12-13-16-19-54,23,dual,ascending,1,0.6245293573608118,2,2s,True,target,1.6014271247672696,0.06258354817148852,1.6184924115329977
MGM2000WRNO,2023-12-13-16-19-54,23,dual,ascending,2,0.8016877563428053,3,s1,False,target,1.9684068664475944,0.07649431872433876,0.6175646792401039
MGM2000WRNO,2023-12-13-16-19-54,23,dual,ascending,3,0.9971122275731612,6,2s,True,target,2.6523136204978073,0.10895278334765587,0.9845541789154595
MGM2000WRNO,2023-12-13-16-19-54,23,dual,ascending,4,0.640626834751133,18,2p,False,distractor,1.8015827467093004,0.14913945383366753,0.7009377071315157
MGM2000WRNO,2023-12-13-16-19-54,23,dual,ascending,5,0.5061639026461777,25,p1,True,target,1.301228567649332,0.2588799770839301,1.1846931761260748
MGM2000WRNO,2023-12-13-16-19-54,23,dual,ascending,6,0.9938219773546315,42,s1,False,distractor,1.6182213561298795,0.3701661415067316,0.8513084025005355
MGM2000WRNO,2023-12-13-16-19-54,23,dual,ascending,7,0.8816965912982465,67,1p,False,distractor,1.4179833333455463,0.4165353766828989,1.6517187442400427
MGM2000WRNO,2023-12-13-16-19-54,23,dual,ascending,8,0.6684025386764001,71,s2,False,target,1.9516906990411371,0.4721784588942996,0.9344544666678303
MGM2000WRNO,2023-12-13-16-19-54,23,dual,ascending,9,0.842812989689201,86,p2,True,target,1.6867452462302026,0.6762030936694357,1.1181685906783514
MGM2000WRNO,2023-12-13-16-19-54,24,single,random,1,0.9835568558601135,67,1s,True,target,1.6867452462302026,0.7905805404373151,2.736037936191451
MGM2000WRNO,2023-12-13-16-19-54,24,single,random,2,0.5813268909239628,6,1s,True,target,1.6867452462302026,0.15068509500620642,1.5518615723669882
MGM2000WRNO,2023-12-13-16-19-54,24,single,random,3,0.7639022614199511,2,s2,False,target,1.6867452462302026,0.03012508354817145,1.4349900721440463
MGM2000WRNO,2023-12-13-16-19-54,24,single,random,4,0.5380010202975003,42,1p,False,target,1.6867452462302026,0.6282882173207295,1.468353378181746
MGM2000WRNO,2023-12-13-16-19-54,24,single,random,5,0.7663304723787014,18,s1,False,target,1.6867452462302026,0.3918051179222763,1.418383772527477
MGM2000WRNO,2023-12-13-16-19-54,24,single,random,6,0.9825919325869326,86,2p,False,target,1.6867452462302026,0.8956841401699609,1.4182775188094183
MGM2000WRNO,2023-12-13-16-19-54,24,single,random,7,0.585919915612371,25,2s,True,target,1.6867452462302026,0.3129774181227919,3.5701856404245973
MGM2000WRNO,2023-12-13-16-19-54,24,single,random,8,0.5793478444880238,3,p1,True,target,1.6867452462302026,0.04558149527356052,1.8520886806538783
MGM2000WRNO,2023-12-13-16-19-54,24,single,random,9,0.9871202815138369,71,p2,True,target,1.6867452462302026,0.7148441229829083,1.451658895206947
MGM2000WRNO,2023-12-13-16-19-54,25,single,descending,1,0.8796721879460543,86,p2,True,target,1.6867452462302026,0.8137651580253987,1.7853570088782362
MGM2000WRNO,2023-12-13-16-19-54,25,single,descending,2,0.9808891287833383,71,p1,True,target,1.6867452462302026,0.8663169578917216,1.11814979750352
MGM2000WRNO,2023-12-13-16-19-54,25,single,descending,3,0.8157961555732691,67,s2,False,target,1.6867452462302026,0.7024789936025971,1.1515159947987286
MGM2000WRNO,2023-12-13-16-19-54,25,single,descending,4,0.9417791615401995,42,2p,False,target,1.6867452462302026,0.6190143702854961,1.201531137760412
MGM2000WRNO,2023-12-13-16-19-54,25,single,descending,5,0.5344732532749015,25,1p,False,target,1.6867452462302026,0.4567220471689105,1.71857040320765
MGM2000WRNO,2023-12-13-16-19-54,25,single,descending,6,0.9948774539298835,18,1s,True,target,1.6867452462302026,0.4010789649575098,1.1681461472908268
MGM2000WRNO,2023-12-13-16-19-54,25,single,descending,7,0.9590996968489018,6,2s,True,target,1.6867452462302026,0.29752100639740287,1.101413391293363
MGM2000WRNO,2023-12-13-16-19-54,25,single,descending,8,0.9465227290039779,3,s1,False,target,1.6867452462302026,0.0672204716891053,1.084868169494257
MGM2000WRNO,2023-12-13-16-19-54,25,single,descending,9,0.6839167259370689,2,2p,False,target,1.6867452462302026,0.037853289410865985,1.3351719322492954
MGM2000WRNO,2023-12-13-16-19-54,26,dual,random,1,0.8110593413218368,42,p1,True,target,1.034394400790461,0.515456411725389,1.1179336759955731
MGM2000WRNO,2023-12-13-16-19-54,26,dual,random,2,0.5172894999895965,71,2s,True,target,1.4013593247757399,0.3222512651580254,0.867702194681442
MGM2000WRNO,2023-12-13-16-19-54,26,dual,random,3,0.8606577971558815,2,s1,False,target,1.9017131424284344,0.036307648238327064,0.7009185525496378
MGM2000WRNO,2023-12-13-16-19-54,26,dual,random,4,0.9860245077485645,67,p2,True,target,2.4522577469442695,0.7813066934020816,1.117918135485752
MGM2000WRNO,2023-12-13-16-19-54,26,dual,random,5,0.6920395110964348,25,1p,False,distractor,1.2511057253407216,0.2156020242528406,1.5183255136860225
MGM2000WRNO,2023-12-13-16-19-54,26,dual,random,6,0.7599646253633501,18,s2,False,target,2.1687077740859877,0.3763487061968872,4.303896837036518
MGM2000WRNO,2023-12-13-16-19-54,26,dual,random,7,0.6388234383689955,86,1s,True,target,1.3512516615694494,0.8493149049937936,1.184661010884838
MGM2000WRNO,2023-12-13-16-19-54,26,dual,random,8,0.536810187498352,6,p2,True,target,1.601625898729253,0.13059175976320062,1.718092984291161
MGM2000WRNO,2023-12-13-16-19-54,26,dual,random,9,0.9879518308367934,3,1s,True,target,1.7015206569517431,0.07803995989687769,1.1347904308047418
MGM2000WRNO,2023-12-13-16-19-54,27,dual,ascending,1,0.5298349015400692,2,s1,False,target,6.2219285989472155,0.09195073044972783,1.3513047884287062
MGM2000WRNO,2023-12-13-16-19-54,27,dual,ascending,2,0.9105166970432469,3,1p,False,distractor,2.1020950052800345,0.05330970113625515,0.7340646528575689
MGM2000WRNO,2023-12-13-16-19-54,27,dual,ascending,3,0.804423451955256,6,s2,False,distractor,2.4354848386062713,0.09349637162226676,0.7676903405251778
MGM2000WRNO,2023-12-13-16-19-54,27,dual,ascending,4,0.5842463973183751,18,p1,True,target,1.0176818474558331,0.2619712594290079,1.0679185330336622
MGM2000WRNO,2023-12-13-16-19-54,27,dual,ascending,5,0.8153111758042088,25,2p,False,distractor,1.8683093587840176,0.3083404946051752,0.9344884389449817
MGM2000WRNO,2023-12-13-16-19-54,27,dual,ascending,6,0.6864352461332135,42,2s,True,target,3.0693189859491667,0.3840769120595818,0.7342037946311848
MGM2000WRNO,2023-12-13-16-19-54,27,dual,ascending,7,0.7614571597640952,67,1p,False,distractor,1.4204087370915204,0.5896471880072568,0.6010505384606404
MGM2000WRNO,2023-12-13-16-19-54,27,dual,ascending,8,0.8029258979051659,71,2s,True,target,1.6682115619946671,0.637562064355963,0.7009742092591296
MGM2000WRNO,2023-12-13-16-19-54,27,dual,ascending,9,0.9865328317280841,86,p2,True,target,1.6014029104844667,0.7163897641554474,0.7177124225052012
MGM2000WRNO,2023-12-13-16-19-54,28,dual,random,1,0.9684100431981577,25,2p,False,distractor,4.270248742122249,0.4474482001336771,2.852709578230588
MGM2000WRNO,2023-12-13-16-19-54,28,dual,random,2,0.5838555309741925,67,s1,False,distractor,4.389823206824076,0.3701661415067316,1.0017210211055954
MGM2000WRNO,2023-12-13-16-19-54,28,dual,random,3,0.9765127987506407,18,s2,False,distractor,3.8199339203067666,0.28670151818963047,0.31739720314203623
MGM2000WRNO,2023-12-13-16-19-54,28,dual,random,4,0.5568432728811634,2,1s,True,target,2.852404911957592,0.06412918934402753,0.5342686310834779
MGM2000WRNO,2023-12-13-16-19-54,28,dual,random,5,0.74304482926422,71,p1,True,target,1.451441328070132,0.8524061873388714,0.9844023878897588
MGM2000WRNO,2023-12-13-16-19-54,28,dual,random,6,0.5912181143291668,42,s2,False,distractor,2.2352493456724005,0.654564117253891,0.9845961021510448
MGM2000WRNO,2023-12-13-16-19-54,28,dual,random,7,0.7395916334225312,6,1s,True,target,1.8850688950551557,0.22333023011553518,0.5840683753517624
MGM2000WRNO,2023-12-13-16-19-54,28,dual,random,8,0.9887153740690166,3,2p,False,distractor,1.2364759617228174,0.06103790699894969,1.1682646888536965
MGM2000WRNO,2023-12-13-16-19-54,28,dual,random,9,0.6227919017170656,86,p2,True,target,1.8683932052554155,0.8091282345077818,0.9509743899627665
MGM2000WRNO,2023-12-13-16-19-54,29,dual,descending,1,0.5619869265937272,86,2s,True,target,1.7682194406718281,0.8106738756803209,0.4677212769815924
MGM2000WRNO,2023-12-13-16-19-54,29,dual,descending,2,0.5991181511316853,71,s1,False,distractor,1.1678111228127364,0.5741907762818677,1.1679762859048424
MGM2000WRNO,2023-12-13-16-19-54,29,dual,descending,3,0.716057453161719,67,p1,True,target,0.9676067108980533,0.6823856583595913,0.6509229255768787
MGM2000WRNO,2023-12-13-16-19-54,29,dual,descending,4,0.9235551318945411,42,1p,False,distractor,1.701558243300724,0.7488482287787643,0.5508098774034806
MGM2000WRNO,2023-12-13-16-19-54,29,dual,descending,5,0.75986613268402,25,1s,True,target,1.3511436008157034,0.3794399885419651,0.9011540454837359
MGM2000WRNO,2023-12-13-16-19-54,29,dual,descending,6,0.9265117119124091,18,s1,False,distractor,2.0351204678634076,0.3083404946051752,0.4842509582713319
MGM2000WRNO,2023-12-13-16-19-54,29,dual,descending,7,0.5858903591340595,6,1p,False,distractor,3.9552523670365645,0.20478253604506827,1.001161562753623
MGM2000WRNO,2023-12-13-16-19-54,29,dual,descending,8,0.6338008233576635,3,2p,False,distractor,3.5363398557694836,0.08113124224195553,0.5007589551282763
MGM2000WRNO,2023-12-13-16-19-54,29,dual,descending,9,0.950117258416377,2,2s,True,target,1.7515072487442467,0.04249021292848276,0.7012499629558988
MGM2000WRNO,2023-12-13-16-19-54,30,single,random,1,0.9016463124092461,3,p1,True,target,1.7515072487442467,0.07649431872433876,2.502581893065326
MGM2000WRNO,2023-12-13-16-19-54,30,single,random,2,0.5696788124507397,86,s2,False,target,1.7515072487442467,0.8323128520958656,1.918667838589954
MGM2000WRNO,2023-12-13-16-19-54,30,single,random,3,0.7440855954030137,18,p2,True,target,1.7515072487442467,0.43353742958082686,1.718470654819157
MGM2000WRNO,2023-12-13-16-19-54,30,single,random,4,0.8719068223430848,71,2s,True,target,1.7515072487442467,0.7411200229160698,1.33496882140048
MGM2000WRNO,2023-12-13-16-19-54,30,single,random,5,0.9554474690334841,2,1s,True,target,1.7515072487442467,0.034762007065788136,1.9354215923456195
MGM2000WRNO,2023-12-13-16-19-54,30,single,random,6,0.6731645140731146,42,s2,False,target,1.7515072487442467,0.7349374582259143,1.685239623818461
MGM2000WRNO,2023-12-13-16-19-54,30,single,random,7,0.9016967850972548,6,s1,False,target,1.7515072487442467,0.13059175976320062,1.6688176418758758
MGM2000WRNO,2023-12-13-16-19-54,30,single,random,8,0.9019292624444423,25,p2,True,target,1.7515072487442467,0.26815382411916355,3.9871479984183225
MGM2000WRNO,2023-12-13-16-19-54,30,single,random,9,0.6575642806892613,67,2p,False,target,1.7515072487442467,0.8925928578248831,1.2848329684325108
MGM2000WRNO,2023-12-13-16-19-54,31,single,ascending,1,0.5640016076863144,2,1p,False,target,1.7515072487442467,0.03012508354817145,1.4015992991592157
MGM2000WRNO,2023-12-13-16-19-54,31,single,ascending,2,0.9123458890681926,3,p1,True,target,1.7515072487442467,0.057946624653871834,1.1180749862121502
MGM2000WRNO,2023-12-13-16-19-54,31,single,ascending,3,0.8881845402868326,6,s1,False,target,1.7515072487442467,0.10895278334765587,1.318976552623326
MGM2000WRNO,2023-12-13-16-19-54,31,single,ascending,4,0.5573014473267219,18,2p,False,target,1.7515072487442467,0.24187792418600207,2.1857043934828653
MGM2000WRNO,2023-12-13-16-19-54,31,single,ascending,5,0.8920164373472222,25,p2,True,target,1.7515072487442467,0.3887138355771985,1.3850685336481092
MGM2000WRNO,2023-12-13-16-19-54,31,single,ascending,6,0.7015702848676463,42,1p,False,target,1.7515072487442467,0.5741907762818677,1.1178707911421952
MGM2000WRNO,2023-12-13-16-19-54,31,single,ascending,7,0.8962127787979708,67,s2,False,target,1.7515072487442467,0.7442113052611476,1.0846856588561877
MGM2000WRNO,2023-12-13-16-19-54,31,single,ascending,8,0.5643247484223781,71,2s,True,target,1.7515072487442467,0.7797610522295426,0.9179016553173369
MGM2000WRNO,2023-12-13-16-19-54,31,single,ascending,9,0.7526602092944604,86,1s,True,target,1.7515072487442467,0.841586699131099,0.8846315923385646
MGM2000WRNO,2023-12-13-16-19-54,32,single,descending,1,0.6694792460264942,86,p1,True,target,1.7515072487442467,0.8802277284445719,1.0513686129406778
MGM2000WRNO,2023-12-13-16-19-54,32,single,descending,2,0.8103768149085011,71,1p,False,target,1.7515072487442467,0.9296882459658168,1.435012479390707
MGM2000WRNO,2023-12-13-16-19-54,32,single,descending,3,0.7310048974073087,67,s2,False,target,1.7515072487442467,0.7890348992647761,1.3515584962856337
MGM2000WRNO,2023-12-13-16-19-54,32,single,descending,4,0.896121506149486,42,2s,True,target,1.7515072487442467,0.688568223049747,1.1182148508003138
MGM2000WRNO,2023-12-13-16-19-54,32,single,descending,5,0.9094217218663526,25,p2,True,target,1.7515072487442467,0.4551764059963716,2.0521918985514276
MGM2000WRNO,2023-12-13-16-19-54,32,single,descending,6,0.9004092501972727,18,2p,False,target,1.7515072487442467,0.3856225532321207,1.7686487924302128
MGM2000WRNO,2023-12-13-16-19-54,32,single,descending,7,0.977333515374992,6,1s,True,target,1.7515072487442467,0.27279074763678024,2.8695251326184916
MGM2000WRNO,2023-12-13-16-19-54,32,single,descending,8,0.8641901162612937,3,s1,False,target,1.7515072487442467,0.07958560106941662,1.3516763150344104
MGM2000WRNO,2023-12-13-16-19-54,32,single,descending,9,0.7509668359333397,2,p1,True,target,1.7515072487442467,0.028579442375632525,1.5850127323758443
MGM2000WRNO,2023-12-13-16-19-54,33,single,random,1,0.983187488930822,71,1s,True,target,1.7515072487442467,0.8724995225818774,1.485211940026602
MGM2000WRNO,2023-12-13-16-19-54,33,single,random,2,0.7525250073994889,3,s2,False,target,1.7515072487442467,0.07031175403418315,1.485150139394591
MGM2000WRNO,2023-12-13-16-19-54,33,single,random,3,0.7005070699799848,18,2s,True,target,1.7515072487442467,0.31452305929533086,2.6026150702466566
MGM2000WRNO,2023-12-13-16-19-54,33,single,random,4,0.7543607502478559,25,s1,False,target,1.7515072487442467,0.4644502530316051,1.4683316937494055
MGM2000WRNO,2023-12-13-16-19-54,33,single,random,5,0.9372882618972267,86,p2,True,target,1.7515072487442467,0.8647713167191826,1.9521645038855695
MGM2000WRNO,2023-12-13-16-19-54,33,single,random,6,0.8379296969392622,6,2p,False,target,1.7515072487442467,0.19396304783729587,1.6854716472432756
MGM2000WRNO,2023-12-13-16-19-54,33,single,random,7,0.5400191009512769,42,1p,False,target,1.7515072487442467,0.6097405232502625,1.4017178407220854
MGM2000WRNO,2023-12-13-16-19-54,33,single,random,8,0.5173391426044337,67,p1,True,target,1.7515072487442467,0.756576434641459,1.4350439218176234
MGM2000WRNO,2023-12-13-16-19-54,33,single,random,9,0.6113800793347475,2,1s,True,target,1.7515072487442467,0.022396877685476914,1.4183407650700701
MGM2000WRNO,2023-12-13-16-19-54,34,dual,ascending,1,0.5543852418739195,2,2p,False,distractor,3.2361366003581225,0.054855342308793985,0.6676463211276769
MGM2000WRNO,2023-12-13-16-19-54,34,dual,ascending,2,0.5520203813732214,3,1p,False,distractor,2.635743461601578,0.07803995989687769,0.4504901043094378
MGM2000WRNO,2023-12-13-16-19-54,34,dual,ascending,3,0.9550810499334996,6,2s,True,target,1.1010248785491967,0.10586150100257803,0.9678354816583123
MGM2000WRNO,2023-12-13-16-19-54,34,dual,ascending,4,0.7106001724091333,18,p1,True,distractor,2.1353932580209403,0.3129774181227919,0.617841155751421
MGM2000WRNO,2023-12-13-16-19-54,34,dual,ascending,5,0.5598423799243524,25,s1,False,distractor,1.7852355760578575,0.6097405232502625,0.5002880415415802
MGM2000WRNO,2023-12-13-16-19-54,34,dual,ascending,6,0.9836373531457429,42,p2,True,target,1.1028622727742459,0.7009333524300583,0.4842448143488127
MGM2000WRNO,2023-12-13-16-19-54,34,dual,ascending,7,0.6256810332421084,67,s2,False,target,1.6681620492076945,0.7905805404373151,0.33399772024336016
MGM2000WRNO,2023-12-13-16-19-54,34,dual,ascending,8,0.9840778679810878,71,1p,False,distractor,1.9517058781439118,0.8184020815430154,0.35076629169452644
MGM2000WRNO,2023-12-13-16-19-54,34,dual,ascending,9,0.9213758941913446,86,s1,False,target,1.9517684015900159,0.8431323403036378,0.7344564182667455
MGM2000WRNO,2023-12-13-16-19-54,35,single,ascending,1,0.7929784197533922,2,p2,True,target,1.9517684015900159,0.03012508354817145,1.785329180523604
MGM2000WRNO,2023-12-13-16-19-54,35,single,ascending,2,0.7889205336771928,3,p1,True,target,1.9517684015900159,0.07031175403418315,2.1022196907656507
MGM2000WRNO,2023-12-13-16-19-54,35,single,ascending,3,0.8014114462709252,6,1s,True,target,1.9517684015900159,0.10586150100257803,1.4016498961673278
MGM2000WRNO,2023-12-13-16-19-54,35,single,ascending,4,0.9725537803570512,18,2p,False,target,1.9517684015900159,0.1553220185238231,1.751956839306331
MGM2000WRNO,2023-12-13-16-19-54,35,single,ascending,5,0.79796920148654,25,2s,True,target,1.9517684015900159,0.2186933065979184,1.301283501544276
MGM2000WRNO,2023-12-13-16-19-54,35,single,ascending,6,0.7591458639228104,42,s2,False,target,1.9517684015900159,0.2743363888093192,1.5851713901383846
MGM2000WRNO,2023-12-13-16-19-54,35,single,ascending,7,0.8386011551060923,67,2s,True,target,1.9517684015900159,0.722572328845603,1.6020798261774871
MGM2000WRNO,2023-12-13-16-19-54,35,single,ascending,8,0.6893135199317352,71,p2,True,target,1.9517684015900159,0.7952174639549318,0.8845257000280071
MGM2000WRNO,2023-12-13-16-19-54,35,single,ascending,9,0.6708575824208493,86,1p,False,target,1.9517684015900159,0.8400410579585602,1.0847915511667452
MGM2000WRNO,2023-12-13-16-19-54,36,dual,descending,1,0.750869701114694,86,2p,False,distractor,2.2186972571362276,0.8462236226487156,0.9507951319897074
MGM2000WRNO,2023-12-13-16-19-54,36,dual,descending,2,0.7822542353892243,71,1s,True,target,1.484910887825663,0.7673959228492313,1.9851100231949204
MGM2000WRNO,2023-12-13-16-19-54,36,dual,descending,3,0.5846623917594094,67,p1,True,target,1.06773276973081,0.6870225818772081,0.8677285774074335
MGM2000WRNO,2023-12-13-16-19-54,36,dual,descending,4,0.8656803697292732,42,s1,False,distractor,1.901667243713291,0.6112861644228016,1.0845349520523087
MGM2000WRNO,2023-12-13-16-19-54,36,dual,descending,5,0.8775593940711521,25,s2,False,distractor,1.4680353398416628,0.5061825646901557,1.0346560596062773
MGM2000WRNO,2023-12-13-16-19-54,36,dual,descending,6,0.650558351235563,18,s1,False,distractor,1.3678901264274828,0.4196266590279767,0.8177007851932103
MGM2000WRNO,2023-12-13-16-19-54,36,dual,descending,7,0.7925647454925121,6,2s,True,target,1.3345510346730407,0.3392533180559534,0.750991520664229
MGM2000WRNO,2023-12-13-16-19-54,36,dual,descending,8,0.809541202202605,3,p2,True,target,1.451399766242048,0.18623484197460133,0.6508257070390755
MGM2000WRNO,2023-12-13-16-19-54,36,dual,descending,9,0.704331003277139,2,1s,True,target,1.7683083468436962,0.10277021865750027,0.3507312351962355
MGM2000WRNO,2023-12-13-16-19-54,37,dual,random,1,0.713096859123082,18,2p,False,distractor,2.435995145578545,0.3686205003341927,1.0669868252616652
MGM2000WRNO,2023-12-13-16-19-54,37,dual,random,2,0.6774846983694096,67,p1,True,target,1.0677392750608306,0.586555905662179,1.3347393278263553
MGM2000WRNO,2023-12-13-16-19-54,37,dual,random,3,0.9099813468561344,6,s2,False,distractor,1.6682751696625928,0.17232407142175118,0.9510781138301354
MGM2000WRNO,2023-12-13-16-19-54,37,dual,random,4,0.9471260768373326,2,1p,False,distractor,3.3028317700059233,0.0672204716891053,0.8344379142176876
MGM2000WRNO,2023-12-13-16-19-54,37,dual,random,5,0.7344243782314515,3,p2,True,target,1.384646771441112,0.09349637162226676,0.7176137583383024
MGM2000WRNO,2023-12-13-16-19-54,37,dual,random,6,0.844549618614362,86,1s,True,target,2.1351478625292657,0.756576434641459,1.0180016928316036
MGM2000WRNO,2023-12-13-16-19-54,37,dual,random,7,0.6280397927535954,25,s1,False,distractor,1.5848656396437946,0.3067948534326363,1.8352445750974766
MGM2000WRNO,2023-12-13-16-19-54,37,dual,random,8,0.6239476750702899,42,1p,False,distractor,1.4013766723214758,0.4165353766828989,0.5007867834829085
MGM2000WRNO,2023-12-13-16-19-54,37,dual,random,9,0.9812794634027876,71,2p,False,distractor,1.5015923601408758,0.5664625704191731,0.7508798458384263
MGM2000WRNO,2023-12-13-16-19-54,38,single,descending,1,0.6758543904540815,86,s2,False,distractor,1.5015923601408758,0.8338584932684044,1.485546241690372
MGM2000WRNO,2023-12-13-16-19-54,38,single,descending,2,0.7976790895824111,71,p1,True,distractor,1.5015923601408758,0.8601343932015659,2.2190087901458355
MGM2000WRNO,2023-12-13-16-19-54,38,single,descending,3,0.9790356799127162,67,2s,True,distractor,1.5015923601408758,0.7782154110570038,1.5018077588347296
MGM2000WRNO,2023-12-13-16-19-54,38,single,descending,4,0.8628230427190289,42,s2,False,distractor,1.5015923601408758,0.7179354053279863,1.4516885305979486
MGM2000WRNO,2023-12-13-16-19-54,38,single,descending,5,0.6482757370259615,25,2s,True,distractor,1.5015923601408758,0.6128318055953403,2.6194945937095326
MGM2000WRNO,2023-12-13-16-19-54,38,single,descending,6,0.8010685472064221,18,2p,False,distractor,1.5015923601408758,0.5401866704860117,1.051434750459066
MGM2000WRNO,2023-12-13-16-19-54,38,single,descending,7,0.6997899451026217,6,1s,True,distractor,1.5015923601408758,0.3578010121264203,1.1345891269920685
MGM2000WRNO,2023-12-13-16-19-54,38,single,descending,8,0.5846236787956438,3,s1,False,distractor,1.5015923601408758,0.0672204716891053,1.9186410944566887
MGM2000WRNO,2023-12-13-16-19-54,38,single,descending,9,0.7556438188592915,2,1p,False,distractor,1.5015923601408758,0.0332163658932493,1.5519721629716514
MGM2000WRNO,2023-12-13-16-19-54,39,dual,random,1,0.6569470468718264,42,p2,True,target,1.201148407531491,0.3840769120595818,1.751981776402772
MGM2000WRNO,2023-12-13-16-19-54,39,dual,random,2,0.7291705832763169,2,p1,True,target,1.501395393214807,0.028579442375632525,1.3353902222002034
MGM2000WRNO,2023-12-13-16-19-54,39,dual,random,3,0.8396367387844916,18,2s,True,target,6.205206287617784,0.6143774467678793,1.6849776035955983
MGM2000WRNO,2023-12-13-16-19-54,39,dual,random,4,0.5784333719814925,25,p2,True,target,0.9008909410395063,0.5633712880740953,2.0353861021580997
MGM2000WRNO,2023-12-13-16-19-54,39,dual,random,5,0.8899964909956528,86,2p,False,distractor,1.1344055321319502,0.6792943760145136,1.3182587979163145
MGM2000WRNO,2023-12-13-16-19-54,39,dual,random,6,0.6083800806636379,67,1s,True,target,1.334541638085284,0.7148441229829083,0.701045045070714
MGM2000WRNO,2023-12-13-16-19-54,39,dual,random,7,0.8462758942963119,6,s1,False,distractor,3.6365136203535258,0.28051895349947487,0.4172825647769969
MGM2000WRNO,2023-12-13-16-19-54,39,dual,random,8,0.6994849869847914,3,1p,False,distractor,2.502107726813847,0.0672204716891053,0.8676389484207903
MGM2000WRNO,2023-12-13-16-19-54,39,dual,random,9,0.8628355306320659,71,p1,True,target,1.2177995216416093,0.5896471880072568,1.2348579416702705
MGM2000WRNO,2023-12-13-16-19-54,40,single,descending,1,0.6987310781134516,86,s2,False,target,1.2177995216416093,0.8848646519621883,2.4523864079087616
MGM2000WRNO,2023-12-13-16-19-54,40,single,descending,2,0.6568370836271369,71,1s,True,target,1.2177995216416093,0.7936718227823929,1.7853696581305485
MGM2000WRNO,2023-12-13-16-19-54,40,single,descending,3,0.5959248416282577,67,s2,False,target,1.2177995216416093,0.7287548935357586,1.9021226167906207
MGM2000WRNO,2023-12-13-16-19-54,40,single,descending,4,0.733337109835965,42,1p,False,target,1.2177995216416093,0.6329251408383463,0.9848519784513883
MGM2000WRNO,2023-12-13-16-19-54,40,single,descending,5,0.7867964950208406,25,p2,True,target,1.2177995216416093,0.5602800057290175,1.0847539648179918
MGM2000WRNO,2023-12-13-16-19-54,40,single,descending,6,0.6433146200930522,18,p1,True,target,1.2177995216416093,0.4227179413730545,1.9355119441465831
MGM2000WRNO,2023-12-13-16-19-54,40,single,descending,7,0.9384422499763004,6,s1,False,target,1.2177995216416093,0.23569535949584647,1.385157801227706
MGM2000WRNO,2023-12-13-16-19-54,40,single,descending,8,0.8043564518593033,3,2s,True,target,1.2177995216416093,0.09349637162226676,1.8019882455923835
MGM2000WRNO,2023-12-13-16-19-54,40,single,descending,9,0.7944669530158546,2,2p,False,target,1.2177995216416093,0.034762007065788136,1.384803622167965
MGM2000WRNO,2023-12-13-16-19-54,41,single,ascending,1,0.9083530761632876,2,p2,True,target,1.2177995216416093,0.034762007065788136,0.8512285315086956
MGM2000WRNO,2023-12-13-16-19-54,41,single,ascending,2,0.9399410246510971,3,s1,False,target,1.2177995216416093,0.06103790699894969,1.1514668434188025
MGM2000WRNO,2023-12-13-16-19-54,41,single,ascending,3,0.7396487576383801,6,s2,False,target,1.2177995216416093,0.11822663038288934,1.434785154259771
MGM2000WRNO,2023-12-13-16-19-54,41,single,ascending,4,0.7407297671616497,18,p1,True,target,1.2177995216416093,0.23724100066838533,1.1679556856943236
MGM2000WRNO,2023-12-13-16-19-54,41,single,ascending,5,0.8514342243848977,25,1p,False,target,1.2177995216416093,0.33770767688341446,1.134868856167941
MGM2000WRNO,2023-12-13-16-19-54,41,single,ascending,6,0.8128435911620289,42,2s,True,target,1.2177995216416093,0.4304461472357491,1.0680985138210417
MGM2000WRNO,2023-12-13-16-19-54,41,single,ascending,7,0.5327725972771712,67,1s,True,target,1.2177995216416093,0.6483815525637353,3.4533275122680607
MGM2000WRNO,2023-12-13-16-19-54,41,single,ascending,8,0.8141496051853744,71,2p,False,target,1.2177995216416093,0.7658502816766924,1.5515919625927381
MGM2000WRNO,2023-12-13-16-19-54,41,single,ascending,9,0.9850894461161666,86,2p,False,target,1.2177995216416093,0.8539518285114103,1.334995204126244
MGM2000WRNO,2023-12-13-16-19-54,42,dual,ascending,1,0.9460128073529607,2,p2,True,target,1.6347846482890418,0.054855342308793985,0.9676930872196863
MGM2000WRNO,2023-12-13-16-19-54,42,dual,ascending,2,0.6467606942819764,3,1s,True,target,2.8190473884355924,0.0904050892771889,1.001381298333854
MGM2000WRNO,2023-12-13-16-19-54,42,dual,ascending,3,0.8310989323669583,6,s1,False,target,2.769185120720522,0.22333023011553518,0.3172504718172604
MGM2000WRNO,2023-12-13-16-19-54,42,dual,ascending,4,0.8925055251465579,18,2s,True,target,1.5347164146091927,0.2913384417072472,0.4675434646374015
MGM2000WRNO,2023-12-13-16-19-54,42,dual,ascending,5,0.7334165643348468,25,1p,False,distractor,1.4346879357217404,0.3964420414398931,0.600885375368307
MGM2000WRNO,2023-12-13-16-19-54,42,dual,ascending,6,0.54836856182426,42,p1,True,target,1.3347071625848912,0.5819189821445623,0.9009888823916299
MGM2000WRNO,2023-12-13-16-19-54,42,dual,ascending,7,0.6467694397100262,67,s2,False,distractor,1.0677530085345097,0.6128318055953403,0.6174811941764347
MGM2000WRNO,2023-12-13-16-19-54,42,dual,ascending,8,0.9400088446988084,71,2s,True,target,1.2700297293567928,0.6406533467010408,0.6679415908133706
MGM2000WRNO,2023-12-13-16-19-54,42,dual,ascending,9,0.8484431672322937,86,s1,False,distractor,1.8849355357970126,0.6731118113243578,0.7847469535181517
MGM2000WRNO,2023-12-13-16-19-54,43,single,random,1,0.64370911637572,6,1s,True,distractor,1.8849355357970126,0.10895278334765587,2.4523054526953274
MGM2000WRNO,2023-12-13-16-19-54,43,single,random,2,0.8937724206073827,42,p1,True,distractor,1.8849355357970126,0.6731118113243578,2.052099016899774
MGM2000WRNO,2023-12-13-16-19-54,43,single,random,3,0.6511014476131134,67,s2,False,distractor,1.8849355357970126,0.8137651580253987,1.2015958296501594
MGM2000WRNO,2023-12-13-16-19-54,43,single,random,4,0.6202910821134128,18,1p,False,distractor,1.8849355357970126,0.26660818294662464,3.7534837847429117
MGM2000WRNO,2023-12-13-16-19-54,43,single,random,5,0.5573563477297683,3,2p,False,distractor,1.8849355357970126,0.08731380693211115,1.6519930523081712
MGM2000WRNO,2023-12-13-16-19-54,43,single,random,6,0.9502466634773882,2,p2,True,distractor,1.8849355357970126,0.04867277761863838,1.7187583349536908
MGM2000WRNO,2023-12-13-16-19-54,43,single,random,7,0.6292629272694963,86,2p,False,distractor,1.8849355357970126,0.8678625990642604,1.8521837307489477
MGM2000WRNO,2023-12-13-16-19-54,43,single,random,8,0.8858333974081778,25,p1,True,distractor,1.8849355357970126,0.7550307934689201,1.468472642558936
MGM2000WRNO,2023-12-13-16-19-54,43,single,random,9,0.796960627611537,71,s1,False,distractor,1.8849355357970126,0.8261302874057099,0.934613847244691
MGM2000WRNO,2023-12-13-16-19-54,44,dual,descending,1,0.8276875131222489,86,s2,False,target,17.681288720264547,0.9049579872051943,0.567570497896213
MGM2000WRNO,2023-12-13-16-19-54,44,dual,descending,2,0.9100508218327252,71,2s,True,distractor,1.4679695637310033,0.8153107991979376,0.4674950360722505
MGM2000WRNO,2023-12-13-16-19-54,44,dual,descending,3,0.6787910310450997,67,1s,True,target,1.6347329670593354,0.739574381743531,0.8843898109189468
MGM2000WRNO,2023-12-13-16-19-54,44,dual,descending,4,0.8916090052212444,42,1p,False,distractor,1.751589649586549,0.39798768261243195,0.901284152077551
MGM2000WRNO,2023-12-13-16-19-54,44,dual,descending,5,0.7805442789617383,25,p2,True,target,1.3679627692754366,0.4721784588942996,1.6017148049018033
MGM2000WRNO,2023-12-13-16-19-54,44,dual,descending,6,0.735515382487435,18,s1,False,distractor,2.318790789320701,0.25578869473885224,0.45035891349425583
MGM2000WRNO,2023-12-13-16-19-54,44,dual,descending,7,0.53173657152468,6,p2,True,target,1.9685087832790487,0.2156020242528406,0.6174511973781591
MGM2000WRNO,2023-12-13-16-19-54,44,dual,descending,8,0.9399265728402058,3,s2,False,distractor,1.6682831206207993,0.15995894204143984,0.400596394168133
MGM2000WRNO,2023-12-13-16-19-54,44,dual,descending,9,0.6169855310963352,2,1s,True,target,1.7349110685290725,0.06412918934402753,0.8678821754688215
MGM2000WRNO,2023-12-13-16-19-54,45,dual,ascending,1,0.5917438861655618,2,2s,True,distractor,2.9525689185466035,0.04712713644609945,0.7176784502280498
MGM2000WRNO,2023-12-13-16-19-54,45,dual,ascending,2,0.6153788785542234,3,2p,False,distractor,2.3854292180376433,0.09195073044972783,0.21730583940052384
MGM2000WRNO,2023-12-13-16-19-54,45,dual,ascending,3,0.740362057282796,6,1p,False,distractor,1.7682967818136603,0.15841330086890099,0.8015776870083755
MGM2000WRNO,2023-12-13-16-19-54,45,dual,ascending,4,0.7029046512736201,18,p1,True,target,1.0344265660314704,0.26660818294662464,0.8510167468871259
MGM2000WRNO,2023-12-13-16-19-54,45,dual,ascending,5,0.8068971100789125,25,s2,False,target,3.8867187189416654,0.36552921798911486,0.7177167593913509
MGM2000WRNO,2023-12-13-16-19-54,45,dual,ascending,6,0.8907447477858831,42,p2,True,target,1.1011061951699048,0.4799066647569942,4.954585209337893
MGM2000WRNO,2023-12-13-16-19-54,45,dual,ascending,7,0.7648044560078573,67,1s,True,target,2.0519522855752257,0.5664625704191731,0.5007285969236364
MGM2000WRNO,2023-12-13-16-19-54,45,dual,ascending,8,0.8185120424607877,71,s1,False,distractor,1.451313751327234,0.6112861644228016,0.6676759565184511
MGM2000WRNO,2023-12-13-16-19-54,45,dual,ascending,9,0.645364109166271,86,2s,True,target,3.1695249157742182,0.6592010407715077,1.084491221780354
MGM2000WRNO,2023-12-13-16-19-54,46,dual,descending,1,0.9989786961369426,86,p1,True,target,1.3681246797032145,0.9095949107228112,0.9847088611986692
MGM2000WRNO,2023-12-13-16-19-54,46,dual,descending,2,0.5366121400488233,71,2p,False,distractor,1.6848850833516735,0.8060369521627042,1.1013736365011937
MGM2000WRNO,2023-12-13-16-19-54,46,dual,descending,3,0.9736809921254901,67,1p,False,distractor,2.135171353997521,0.6978420700849804,1.318199527134766
MGM2000WRNO,2023-12-13-16-19-54,46,dual,descending,4,0.686327553652346,42,p2,True,target,1.269670490596127,0.6221056526305738,0.7510764513567665
MGM2000WRNO,2023-12-13-16-19-54,46,dual,descending,5,0.5479576586217985,25,2s,True,target,2.8692685335036003,0.5741907762818677,1.4512100274596378
MGM2000WRNO,2023-12-13-16-19-54,46,dual,descending,6,0.5493850571958993,18,s2,False,distractor,1.7016623285753667,0.43353742958082686,0.667499589802901
MGM2000WRNO,2023-12-13-16-19-54,46,dual,descending,7,0.7875330261964812,6,1s,True,target,1.1844994618645615,0.1955086890098348,1.3181391721318505
MGM2000WRNO,2023-12-13-16-19-54,46,dual,descending,8,0.9513489749180549,3,2p,False,target,2.5856361598025615,0.05330970113625515,0.3506383535441273
MGM2000WRNO,2023-12-13-16-19-54,46,dual,descending,9,0.7140043318755802,2,p1,True,target,1.8016246699448857,0.03167072472071038,0.9844403356460134
MGM2000WRNO,2023-12-13-16-19-54,47,dual,random,1,0.8856223281684203,67,1p,False,distractor,1.4846495904171206,0.8833190107896496,0.684114924599271
MGM2000WRNO,2023-12-13-16-19-54,47,dual,random,2,0.6838215167833326,71,s1,False,target,1.584714210025595,0.7843979757471594,0.4671907312063013
MGM2000WRNO,2023-12-13-16-19-54,47,dual,random,3,0.7376279445955347,42,p2,True,target,1.5014846607941763,0.6746574524968968,0.900868895199892
MGM2000WRNO,2023-12-13-16-19-54,47,dual,random,4,0.7203297219090055,6,1p,False,distractor,1.1343740897054886,0.4165353766828989,0.8011512265079546
MGM2000WRNO,2023-12-13-16-19-54,47,dual,random,5,0.6950116037331224,25,1s,True,target,1.1365168730180812,0.36398357681657595,0.6508401633268477
MGM2000WRNO,2023-12-13-16-19-54,47,dual,random,6,0.6207081668048233,18,p1,True,target,1.2344412391644255,0.3299794710207199,0.7844039780811727
MGM2000WRNO,2023-12-13-16-19-54,47,dual,random,7,0.9782824402167418,3,2s,True,target,1.9536209749176123,0.09658765396734462,1.8021667807511221
MGM2000WRNO,2023-12-13-16-19-54,47,dual,random,8,0.7226206766129877,2,s1,False,target,1.7682678692372065,0.034762007065788136,0.4173920711600658
MGM2000WRNO,2023-12-13-16-19-54,47,dual,random,9,0.7021952126255692,86,2p,False,target,1.7850039140403169,0.8910472166523441,0.7675952904301084
MGM2000WRNO,2023-12-13-16-19-54,48,single,ascending,1,0.5875235013329494,2,s2,False,target,1.7850039140403169,0.040944571755943834,1.7519029896325264
MGM2000WRNO,2023-12-13-16-19-54,48,single,ascending,2,0.5529271633953267,3,p1,True,target,1.7850039140403169,0.10122457748496134,1.3516268022472104
MGM2000WRNO,2023-12-13-16-19-54,48,single,ascending,3,0.8435894324714304,6,s1,False,target,1.7850039140403169,0.10122457748496134,0.2003695750067891
MGM2000WRNO,2023-12-13-16-19-54,48,single,ascending,4,0.880175338376102,18,p2,True,target,1.7850039140403169,0.3083404946051752,2.1355772142878777
MGM2000WRNO,2023-12-13-16-19-54,48,single,ascending,5,0.8073093505205109,25,s2,False,target,1.7850039140403169,0.4536307648238327,1.668464908445003
MGM2000WRNO,2023-12-13-16-19-54,48,single,ascending,6,0.9332934609474929,42,1p,False,target,1.7850039140403169,0.7380287405709921,1.201340676163909
MGM2000WRNO,2023-12-13-16-19-54,48,single,ascending,7,0.5832390096818953,67,2p,False,target,1.7850039140403169,0.8616800343741048,0.8677600198338951
MGM2000WRNO,2023-12-13-16-19-54,48,single,ascending,8,0.5399991873739746,71,2s,True,target,1.7850039140403169,0.7952174639549318,1.335047969578227
MGM2000WRNO,2023-12-13-16-19-54,48,single,ascending,9,0.6264851429471375,86,1s,True,target,1.7850039140403169,0.8740451637544162,0.9513636255214806
MGM2000WRNO,2023-12-13-16-19-54,49,single,descending,1,0.8408716171465789,86,s1,False,target,1.7850039140403169,0.8740451637544162,0.7511736698952518
MGM2000WRNO,2023-12-13-16-19-54,49,single,descending,2,0.5357621336168163,71,2p,False,target,1.7850039140403169,0.9034123460326555,1.2681898052810539
MGM2000WRNO,2023-12-13-16-19-54,49,single,descending,3,0.5051928339227052,67,1p,False,target,1.7850039140403169,0.8245846462331711,1.2682432935471297
MGM2000WRNO,2023-12-13-16-19-54,49,single,descending,4,0.597633103688821,42,p1,True,target,1.7850039140403169,0.7612133581590756,0.8845423247589679
MGM2000WRNO,2023-12-13-16-19-54,49,single,descending,5,0.8086738373212579,25,2s,True,target,1.7850039140403169,0.6499271937362743,1.2683835195425672
MGM2000WRNO,2023-12-13-16-19-54,49,single,descending,6,0.6146536523226023,18,1s,True,target,1.7850039140403169,0.583464623317101,1.4182215006926526
MGM2000WRNO,2023-12-13-16-19-54,49,single,descending,7,0.9672734913539762,6,p2,True,target,1.7850039140403169,0.3299794710207199,0.968449151090681
MGM2000WRNO,2023-12-13-16-19-54,49,single,descending,8,0.6853874344202091,3,s2,False,target,1.7850039140403169,0.12904611859066167,1.2682779886390563
MGM2000WRNO,2023-12-13-16-19-54,49,single,descending,9,0.9624767697898221,2,1s,True,target,1.7850039140403169,0.06876611286164422,1.1182640021797852
MGM2000WRNO,2023-12-13-16-19-54,50,single,random,1,0.8150874794278139,71,2s,True,target,1.7850039140403169,0.8864102931347274,1.184817138796916
MGM2000WRNO,2023-12-13-16-19-54,50,single,random,2,0.5104670775959665,6,2p,False,target,1.7850039140403169,0.18005227728444573,1.4850529208570151
MGM2000WRNO,2023-12-13-16-19-54,50,single,random,3,0.6183051247284582,18,p2,True,target,1.7850039140403169,0.2789733123269359,0.934485547687018
MGM2000WRNO,2023-12-13-16-19-54,50,single,random,4,0.5755248248719287,67,p1,True,target,1.7850039140403169,0.7921261816098539,1.4518168301551668
MGM2000WRNO,2023-12-13-16-19-54,50,single,random,5,0.7092266633573414,2,1p,False,target,1.7850039140403169,0.04249021292848276,2.0355331948903768
MGM2000WRNO,2023-12-13-16-19-54,50,single,random,6,0.9532056957605612,42,s1,False,target,1.7850039140403169,0.5602800057290175,2.7358998786394295
MGM2000WRNO,2023-12-13-16-19-54,50,single,random,7,0.6392249827427301,3,s2,False,target,1.7850039140403169,0.07649431872433876,1.2682248617797995
MGM2000WRNO,2023-12-13-16-19-54,50,single,random,8,0.9765347216148914,25,p1,True,target,1.7850039140403169,0.4397199942709825,1.7186752112966133
MGM2000WRNO,2023-12-13-16-19-54,50,single,random,9,0.8863721738031787,86,p2,True,target,1.7850039140403169,0.8493149049937936,2.068904090479009
MGM2000WRNO,2023-12-13-16-19-54,51,dual,descending,1,0.9761881525100073,86,2s,True,target,1.3845535283826393,0.6236512938031128,1.8853074238099907
MGM2000WRNO,2023-12-13-16-19-54,51,dual,descending,2,0.9249267859036732,71,1s,True,target,1.134438420187962,0.6576553995989688,0.5008395489348914
MGM2000WRNO,2023-12-13-16-19-54,51,dual,descending,3,0.6420707035647752,67,2p,False,distractor,1.1844239277588713,0.6947507877399026,1.435020430349141
MGM2000WRNO,2023-12-13-16-19-54,51,dual,descending,4,0.5986998164479773,42,1p,False,distractor,1.951762257667724,0.4428112766160604,0.6841991324781702
MGM2000WRNO,2023-12-13-16-19-54,51,dual,descending,5,0.7146397348863694,25,s1,False,distractor,1.5013223889591245,0.3763487061968872,0.6173854212670449
MGM2000WRNO,2023-12-13-16-19-54,51,dual,descending,6,0.5299340160899907,18,s2,False,distractor,2.0518536214085543,0.31452305929533086,0.6509475012667281
MGM2000WRNO,2023-12-13-16-19-54,51,dual,descending,7,0.6613972095781264,6,1p,False,distractor,1.8684257319041535,0.2295127948056908,0.4840782056280659
MGM2000WRNO,2023-12-13-16-19-54,51,dual,descending,8,0.7737658109177925,3,2s,True,target,1.2178595152377056,0.15995894204143984,1.0178517088415902
MGM2000WRNO,2023-12-13-16-19-54,51,dual,descending,9,0.5197338102976864,2,s1,False,distractor,1.7513973809541312,0.0440358541010216,0.25056975845700435
MGM2000WRNO,2023-12-13-16-19-54,52,single,ascending,1,0.9570729080175757,2,p2,True,distractor,1.7513973809541312,0.034762007065788136,2.1022272803165833
MGM2000WRNO,2023-12-13-16-19-54,52,single,ascending,2,0.7470232052729758,3,2p,False,distractor,1.7513973809541312,0.08576816575957222,1.235271752918834
MGM2000WRNO,2023-12-13-16-19-54,52,single,ascending,3,0.6587360950105481,6,s2,False,distractor,1.7513973809541312,0.11977227155542822,2.202305271991463
MGM2000WRNO,2023-12-13-16-19-54,52,single,ascending,4,0.73612817681402,18,1s,True,distractor,1.7513973809541312,0.29752100639740287,1.4684231297719634
MGM2000WRNO,2023-12-13-16-19-54,52,single,ascending,5,0.9049839238372668,25,p1,True,distractor,1.7513973809541312,0.4057158884751265,1.0347659273961654
MGM2000WRNO,2023-12-13-16-19-54,52,single,ascending,6,0.7914731401801504,42,1p,False,distractor,1.7513973809541312,0.6282882173207295,1.1848091878382547
MGM2000WRNO,2023-12-13-16-19-54,52,single,ascending,7,0.9199851959970134,67,2s,True,distractor,1.7513973809541312,0.7132984818103696,0.9847319912596504
MGM2000WRNO,2023-12-13-16-19-54,52,single,ascending,8,0.547064868446226,71,s2,False,distractor,1.7513973809541312,0.7983087463000096,1.0181889017630965
MGM2000WRNO,2023-12-13-16-19-54,52,single,ascending,9,0.5196032100889317,86,s1,False,distractor,1.7513973809541312,0.841586699131099,0.8679736114918342
MGM2000WRNO,2023-12-13-16-19-54,53,single,random,1,0.5385712191428511,2,2p,False,distractor,1.7513973809541312,0.04867277761863838,1.7686159043746557
MGM2000WRNO,2023-12-13-16-19-54,53,single,random,2,0.5302036757557136,6,1s,True,distractor,1.7513973809541312,0.14141124797097296,1.4184911104666753
MGM2000WRNO,2023-12-13-16-19-54,53,single,random,3,0.882497700342803,42,p2,True,distractor,1.7513973809541312,0.2573343359113912,1.0181357749038398
MGM2000WRNO,2023-12-13-16-19-54,53,single,random,4,0.8225081961234291,3,p1,True,distractor,1.7513973809541312,0.14450253031605076,1.184850026852473
MGM2000WRNO,2023-12-13-16-19-54,53,single,random,5,0.7888311773944412,67,p2,True,distractor,1.7513973809541312,0.8137651580253987,1.3180744802421032
MGM2000WRNO,2023-12-13-16-19-54,53,single,random,6,0.584021949476173,25,2s,True,distractor,1.7513973809541312,0.6932051465673637,1.48505798055794
MGM2000WRNO,2023-12-13-16-19-54,53,single,random,7,0.6600089309660323,71,s1,False,distractor,1.7513973809541312,0.9080492695502722,1.0179991629806864
MGM2000WRNO,2023-12-13-16-19-54,53,single,random,8,0.8343323742662359,86,p1,True,distractor,1.7513973809541312,0.9528728635539006,1.1845916207016671
MGM2000WRNO,2023-12-13-16-19-54,53,single,random,9,0.8166899703088424,18,2p,False,distractor,1.7513973809541312,0.5030912823450778,1.4684314421374438
MGM2000WRNO,2023-12-13-16-19-54,54,single,descending,1,0.8356096621462717,86,1s,True,distractor,1.7513973809541312,0.8601343932015659,1.4518659815353203
MGM2000WRNO,2023-12-13-16-19-54,54,single,descending,2,0.8833100217934295,71,1p,False,distractor,1.7513973809541312,0.8910472166523441,0.8846456872192903
MGM2000WRNO,2023-12-13-16-19-54,54,single,descending,3,0.809131071112402,67,s2,False,distractor,1.7513973809541312,0.7643046405041536,1.2514396655974451
MGM2000WRNO,2023-12-13-16-19-54,54,single,descending,4,0.557098686914677,42,p1,True,distractor,1.7513973809541312,0.6808400171870523,1.2015633030014214
MGM2000WRNO,2023-12-13-16-19-54,54,single,descending,5,0.8076566188714702,25,s1,False,distractor,1.7513973809541312,0.5958297526974123,2.169009549101247
MGM2000WRNO,2023-12-13-16-19-54,54,single,descending,6,0.7340632113233181,18,1p,False,distractor,1.7513973809541312,0.517002052897928,1.4350511499615095
MGM2000WRNO,2023-12-13-16-19-54,54,single,descending,7,0.6548131387674415,6,s2,False,distractor,1.7513973809541312,0.23569535949584647,1.985555638277674
MGM2000WRNO,2023-12-13-16-19-54,54,single,descending,8,0.6646389530411106,3,p2,True,distractor,1.7513973809541312,0.10586150100257803,1.2682581112426305
MGM2000WRNO,2023-12-13-16-19-54,54,single,descending,9,0.9266824394835282,2,2s,True,distractor,1.7513973809541312,0.04249021292848276,1.3845889462882042
MGM2000WRNO,2023-12-13-16-19-54,55,dual,random,1,0.7908067484684205,3,1s,True,target,2.819213274342019,0.04712713644609945,0.35063257102956413
MGM2000WRNO,2023-12-13-16-19-54,55,dual,random,2,0.6775842942235,2,2p,False,distractor,2.0184574273157523,0.028579442375632525,0.7343776314960451
MGM2000WRNO,2023-12-13-16-19-54,55,dual,random,3,0.9802177205567407,42,p1,True,target,1.067842998927972,0.4041702473025876,1.1178642858126295
MGM2000WRNO,2023-12-13-16-19-54,55,dual,random,4,0.6282485656440726,86,1s,True,target,1.4012368077333122,0.8106738756803209,1.251427739159226
MGM2000WRNO,2023-12-13-16-19-54,55,dual,random,5,0.7079392128635056,6,p2,True,target,1.2344271442834724,0.21405638308030167,1.2013450130507408
MGM2000WRNO,2023-12-13-16-19-54,55,dual,random,6,0.5319324708794643,18,2p,False,distractor,1.1511462752287116,0.3268881886756421,0.8676819558777424
MGM2000WRNO,2023-12-13-16-19-54,55,dual,random,7,0.945591412444489,67,s1,False,distractor,1.3012426625300577,0.637562064355963,1.151391309313567
MGM2000WRNO,2023-12-13-16-19-54,55,dual,random,8,0.6962297698068487,25,2s,True,target,1.5848844328183986,0.4134440943378211,1.4347981649184476
MGM2000WRNO,2023-12-13-16-19-54,55,dual,random,9,0.737201594288708,71,s2,False,distractor,1.1344091462042343,0.6452902702186576,1.0510325042409931
MGM2000WRNO,2023-12-13-16-19-54,56,dual,ascending,1,0.7845857619265834,2,1p,False,distractor,1.9186747053263389,0.03167072472071038,0.6340723146904566
MGM2000WRNO,2023-12-13-16-19-54,56,dual,ascending,2,0.972642328895286,3,p1,True,target,1.5847662526625754,0.10431585983003915,0.567503998970551
MGM2000WRNO,2023-12-13-16-19-54,56,dual,ascending,3,0.5235209355358224,6,1s,True,target,1.601482781476534,0.1815979184569846,0.31735600272077136
MGM2000WRNO,2023-12-13-16-19-54,56,dual,ascending,4,0.5362492946767563,18,2s,True,target,3.1025731470112987,0.25115177122123555,0.6509319607571342
MGM2000WRNO,2023-12-13-16-19-54,56,dual,ascending,5,0.5377420701460796,25,2p,False,distractor,1.5347659273961654,0.3083404946051752,0.767634683815686
MGM2000WRNO,2023-12-13-16-19-54,56,dual,ascending,6,0.7204091565254169,42,p2,True,distractor,1.8350111060431118,0.4149897355103599,0.6342754255388172
MGM2000WRNO,2023-12-13-16-19-54,56,dual,ascending,7,0.6732429488723258,67,1p,False,distractor,1.4032071998099127,0.532458464623317,0.3343251551700632
MGM2000WRNO,2023-12-13-16-19-54,56,dual,ascending,8,0.9033569090029605,71,s1,False,distractor,2.118627216420009,0.5726451351093288,0.4673349326803873
MGM2000WRNO,2023-12-13-16-19-54,56,dual,ascending,9,0.7937772706650204,86,s2,False,distractor,2.1519081216147242,0.602012317387568,0.6509796665081922
MGM2000WRNO,2023-12-13-16-19-54,57,single,random,1,0.5757663374855934,3,1s,True,distractor,2.1519081216147242,0.06258354817148852,1.6852649223228582
MGM2000WRNO,2023-12-13-16-19-54,57,single,random,2,0.5085826472992387,2,2p,False,distractor,2.1519081216147242,0.04558149527356052,1.1848276196060397
MGM2000WRNO,2023-12-13-16-19-54,57,single,random,3,0.9147884278495835,6,s2,False,distractor,2.1519081216147242,0.1785066361119068,1.518555007260602
MGM2000WRNO,2023-12-13-16-19-54,57,single,random,4,0.7227291571542905,42,p1,True,distractor,2.1519081216147242,0.583464623317101,1.6684388871262854
MGM2000WRNO,2023-12-13-16-19-54,57,single,random,5,0.62247280379785,71,p2,True,distractor,2.1519081216147242,0.8601343932015659,1.3849077074423803
MGM2000WRNO,2023-12-13-16-19-54,57,single,random,6,0.7997907786739352,18,1p,False,distractor,2.1519081216147242,0.46908717654922183,1.8185070846652707
MGM2000WRNO,2023-12-13-16-19-54,57,single,random,7,0.8957615880955831,86,2s,True,distractor,2.1519081216147242,0.9559641458989784,2.1689795523034263
MGM2000WRNO,2023-12-13-16-19-54,57,single,random,8,0.6324963709317797,25,s1,False,distractor,2.1519081216147242,0.5850102644896401,1.2682483532480546
MGM2000WRNO,2023-12-13-16-19-54,57,single,random,9,0.5477784707869591,67,2p,False,distractor,2.1519081216147242,0.7411200229160698,1.284999938560759
MGM2000WRNO,2023-12-13-16-19-54,58,single,descending,1,0.9608328347835846,86,s1,False,distractor,2.1519081216147242,0.9606010694165951,1.5183717738082123
MGM2000WRNO,2023-12-13-16-19-54,58,single,descending,2,0.6629414069373658,71,p1,True,distractor,2.1519081216147242,0.8354041344409433,1.151555388183624
MGM2000WRNO,2023-12-13-16-19-54,58,single,descending,3,0.6060789734103832,67,s2,False,distractor,2.1519081216147242,0.7040246347751361,2.202019760300118
MGM2000WRNO,2023-12-13-16-19-54,58,single,descending,4,0.6755178968932662,42,p2,True,distractor,2.1519081216147242,0.603557958560107,1.1014986833938565
MGM2000WRNO,2023-12-13-16-19-54,58,single,descending,5,0.5662118249743247,25,1p,False,distractor,2.1519081216147242,0.5061825646901557,0.9679533004064069
MGM2000WRNO,2023-12-13-16-19-54,58,single,descending,6,0.6165024825952714,18,1s,True,distractor,2.1519081216147242,0.3794399885419651,1.468440115910198
MGM2000WRNO,2023-12-13-16-19-54,58,single,descending,7,0.9082841773831831,6,2s,True,distractor,2.1519081216147242,0.2635169006015468,1.0513559636888203
MGM2000WRNO,2023-12-13-16-19-54,58,single,descending,8,0.8799062766530057,3,s2,False,distractor,2.1519081216147242,0.10895278334765587,1.9022563374560377
MGM2000WRNO,2023-12-13-16-19-54,58,single,descending,9,0.9175817182686741,2,p1,True,distractor,2.1519081216147242,0.034762007065788136,1.084500618367656
MGM2000WRNO,2023-12-13-16-19-54,59,dual,random,1,0.5295026986451852,42,2s,True,target,4.3703574534092695,0.4984543588274611,0.3172634824763918
MGM2000WRNO,2023-12-13-16-19-54,59,dual,random,2,0.8279490900085111,3,2p,False,target,1.2512860675356023,0.1104984245201948,0.7007768809257868
MGM2000WRNO,2023-12-13-16-19-54,59,dual,random,3,0.7340069717340877,18,1s,True,target,2.218700509801238,0.15841330086890099,1.3515386188896628
MGM2000WRNO,2023-12-13-16-19-54,59,dual,random,4,0.7430983904405037,2,1p,False,distractor,1.167786185715613,0.04249021292848276,0.7176021933082666
MGM2000WRNO,2023-12-13-16-19-54,59,dual,random,5,0.8173332689316168,67,s1,False,distractor,1.6682390289424802,0.8817733696171107,0.6674667017473439
MGM2000WRNO,2023-12-13-16-19-54,59,dual,random,6,0.745721137580635,25,p2,True,target,0.8842987363036627,0.4196266590279767,0.9344367577145931
MGM2000WRNO,2023-12-13-16-19-54,59,dual,random,7,0.7339254842158502,71,p2,True,target,1.0864547471196602,0.569553852764251,0.8679851765223248
MGM2000WRNO,2023-12-13-16-19-54,59,dual,random,8,0.5227512922419493,6,s1,False,distractor,1.2011173265118487,0.17386971259429007,1.3347382436040789
MGM2000WRNO,2023-12-13-16-19-54,59,dual,random,9,0.5922282610563583,86,1s,True,target,1.835052667871878,0.535549746968395,1.8851935805409994
MGM2000WRNO,2023-12-13-16-19-54,60,dual,descending,1,0.8029258656807096,86,2p,False,distractor,2.1853455161290185,0.8632256755466438,0.9508468132198686
MGM2000WRNO,2023-12-13-16-19-54,60,dual,descending,2,0.8210486901405936,71,p1,True,target,1.3679577095745117,0.7766697698844649,0.6676419842415271
MGM2000WRNO,2023-12-13-16-19-54,60,dual,descending,3,0.6901575705677504,67,2s,True,target,4.32028629233082,0.6452902702186576,1.0513451214724228
MGM2000WRNO,2023-12-13-16-19-54,60,dual,descending,4,0.8787582724178299,42,s2,False,distractor,1.8521125335296347,0.4072615296476654,0.9678007865668405
MGM2000WRNO,2023-12-13-16-19-54,60,dual,descending,5,0.6739457255706078,25,1p,False,distractor,1.3179862968841007,0.3253425475031032,0.5841684851470745
MGM2000WRNO,2023-12-13-16-19-54,60,dual,descending,6,0.8646919937275929,18,2s,True,target,3.1210970732522583,0.28515587701709155,0.4343294197751675
MGM2000WRNO,2023-12-13-16-19-54,60,dual,descending,7,0.6487262708942201,6,s2,False,distractor,1.3012144727681516,0.20787381839014607,0.5009642344202803
MGM2000WRNO,2023-12-13-16-19-54,60,dual,descending,8,0.7842745705400948,3,p2,True,target,1.4846925978745276,0.12904611859066167,1.3846333993747066
MGM2000WRNO,2023-12-13-16-19-54,60,dual,descending,9,0.5932367716542978,2,2p,False,distractor,1.8684380197487371,0.051764059963716136,0.4506321373405626
MGM2000WRNO,2023-12-13-16-19-54,61,dual,ascending,1,0.857458153023618,2,1s,True,distractor,4.003508179729124,0.036307648238327064,0.5173822408837623
MGM2000WRNO,2023-12-13-16-19-54,61,dual,ascending,2,0.8289069559847086,3,p1,True,target,2.8691492691259555,0.08885944810465007,1.1012803934422664
MGM2000WRNO,2023-12-13-16-19-54,61,dual,ascending,3,0.7042195420773454,6,1p,False,distractor,1.684864121733881,0.19241740666475698,0.7843884375715788
MGM2000WRNO,2023-12-13-16-19-54,61,dual,ascending,4,0.6362027893275255,18,s1,False,distractor,1.26791224454837,0.24496920653107992,0.8510077117070978
MGM2000WRNO,2023-12-13-16-19-54,61,dual,ascending,5,0.8120187546375272,25,1s,True,target,3.688358206581597,0.31915998281294755,0.6179333145882993
MGM2000WRNO,2023-12-13-16-19-54,61,dual,ascending,6,0.9151394776914159,42,p2,True,target,1.1177229755953704,0.465995894204144,0.5507820490488484
MGM2000WRNO,2023-12-13-16-19-54,61,dual,ascending,7,0.7637153181738446,67,s2,False,distractor,1.1178118817674658,0.5401866704860117,0.8508642330471048
MGM2000WRNO,2023-12-13-16-19-54,61,dual,ascending,8,0.8497544024376722,71,2s,True,target,1.6181013689379142,0.5881015468347178,0.6676362017255997
MGM2000WRNO,2023-12-13-16-19-54,61,dual,ascending,9,0.8835008113091671,86,s1,False,distractor,1.0509486577693679,0.6329251408383463,0.5009776064866855
MGM2000WRNO,2023-12-13-16-19-54,62,single,ascending,1,0.9100062464529721,2,2p,False,distractor,1.0509486577693679,0.028579442375632525,1.9021327361920157
MGM2000WRNO,2023-12-13-16-19-54,62,single,ascending,2,0.9318267814450468,3,p1,True,distractor,1.0509486577693679,0.06103790699894969,1.1014321844681945
MGM2000WRNO,2023-12-13-16-19-54,62,single,ascending,3,0.6695857450369452,6,1p,False,distractor,1.0509486577693679,0.11513534803781153,1.1849674841942033
MGM2000WRNO,2023-12-13-16-19-54,62,single,ascending,4,0.7215735639400729,18,2p,False,distractor,1.0509486577693679,0.19396304783729587,1.7686856559648731
MGM2000WRNO,2023-12-13-16-19-54,62,single,ascending,5,0.7015980855197532,25,p1,True,distractor,1.0509486577693679,0.2542430535663134,0.8845661776344969
MGM2000WRNO,2023-12-13-16-19-54,62,single,ascending,6,0.7950928871356348,42,1p,False,distractor,1.0509486577693679,0.33770767688341446,1.1013476151820214
MGM2000WRNO,2023-12-13-16-19-54,62,single,ascending,7,0.6442122014348381,67,s1,False,distractor,1.0509486577693679,0.8817733696171107,1.5518088069152327
MGM2000WRNO,2023-12-13-16-19-54,62,single,ascending,8,0.669841998396925,71,s2,False,distractor,1.0509486577693679,0.9482359400362839,1.1847849735554519
MGM2000WRNO,2023-12-13-16-19-54,62,single,ascending,9,0.7849639662169898,86,2s,True,distractor,1.0509486577693679,0.8292215697507878,1.051227664131602
